,0
0,0.6085126691871444
1,-0.20232553377963702
2,0.627001552138744
3,0.09131934424408793
4,0.3457052686801104
5,-0.04991500554757432
6,0.5734834159580624
7,0.9162561544184652
8,0.5606705204972534
9,-0.5523501978902917
10,-0.1124627518673571
11,0.14238404780271569
12,0.17728639037826294
13,0.7456901340164879
14,0.4220339375947477
15,0.7801806102856832
16,0.8650230958802835
17,-0.5144441321090629
18,0.6908524196373058
19,0.6226603787087683
20,-0.2543753758491509
21,-0.034865156053688534
22,0.06683661244881156
23,0.7415058667382194
24,-0.2519995140796475
25,0.7606610004084091
26,0.029250636426238465
27,0.9643588952203372
28,0.677393383869392
29,-0.4245315344207973
30,0.559934672410809
31,0.8120197841317905
32,-0.2755256781880682
33,0.9596776178294617
34,-0.4148993748652703
35,1.292894036124356
36,-0.3920340413010494
37,1.163769982885303
38,0.7109211150387795
39,0.5559957821942292
40,0.5874794515422025
41,0.8194196537725222
42,0.616034540756442
43,0.7803657822160284
44,1.2656849116557738
45,0.24169870863202875
46,-0.042653826643599624
47,0.8579161735106504
48,0.7151699964098304
49,1.1879614858566532
50,0.11043179478202436
51,0.00011760733481891439
52,1.0533860473165342
53,0.41711216458441197
54,0.3377184862527315
55,1.187123575635924
56,-0.517211220763927
57,0.5224830590776464
58,1.2079282946727012
59,1.1361459702731773
60,1.0276006802940283
61,0.23978440131826906
62,1.0359483278650554
63,0.6932278492378601
64,0.935599023936122
65,1.3507166016658227
66,1.0537120909690434
67,0.8338306975904886
68,1.2089113775141858
69,0.5175584743185608
70,0.8664417898743808
71,1.1398187678267986
72,-0.034600872685089934
73,0.14854864693058378
74,1.0078690510233375
75,0.5015766067860586
76,0.33322105067788393
77,0.9100164440181028
78,0.5113675265169197
79,0.4719547276029909
80,-0.404527454974246
81,1.213831206840177
82,0.37624832175792355
83,1.100240810029472
84,1.248825376425497
85,0.4652126260605276
86,0.9886223925484844
87,-0.35778838480096337
88,0.4594349323407847
89,1.5261136164322393
90,1.1307372773595703
91,0.6755157616529329
92,0.2807254693292045
93,0.37257097571342845
94,1.2405983140720493
95,0.664866486429961
96,1.759154004803743
97,1.5459113001445108
98,1.172854352954654
99,0.6783520979252551
100,0.373954680543375
101,1.1465955693099772
102,0.2718702237634951
103,0.29160553582029825
104,0.9394888500949299
105,1.3365571046072564
106,0.29917617184542344
107,0.632882329026224
108,0.3283773509526097
109,1.5920318217977534
110,1.1961794643173693
111,0.42957113466388724
112,1.1076326187918406
113,1.2997041902056459
114,0.3635519664606709
115,-0.38279012119193034
116,0.7436563680843666
117,1.1041624064592623
118,0.5057921484675982
119,1.345937108945873
120,1.0345290267646023
121,1.086843741048845
122,1.289349736418517
123,1.446983395573716
124,0.8565797089050591
125,0.886054168593338
126,0.7363511022581106
127,0.3339726607065828
128,0.4557202340135335
129,-0.07935057264872351
130,-0.09754461700711804
131,0.18182285712013058
132,0.7304928765666066
133,0.46886107771903507
134,0.5702853006211487
135,-0.5654540586803545
136,-0.4570946059695956
137,-0.1320613021050043
138,0.1716113510191676
139,0.632634221224364
140,0.7088574519120966
141,0.7121561532650911
142,0.4214294459102704
143,0.19675904182090198
144,0.712367821775282
145,0.4373490863832924
146,-0.4426608731526098
147,-0.5182972817929985
148,0.2863594685089203
149,0.7525819713469633
150,-0.010212953664608199
151,0.651665244603991
152,-0.026813096410062288
153,0.5978659118464709
154,0.8143148301393945
155,-0.5011388083781348
156,0.35621932157922215
157,0.7615579239211504
158,0.04046313587732425
159,0.5063702741922698
160,-0.38830905379697156
161,1.234361720818557
162,-0.4597957005364789
163,0.5683999083013023
164,0.2151269113519892
165,0.7613627308218611
166,0.5487343522214351
167,1.0176583308521834
168,1.012356440476346
169,0.7609168209045543
170,0.8651348033027124
171,0.8197919176349366
172,0.003164812860382671
173,0.4199160187668812
174,0.9523863438541278
175,0.971640477394133
176,0.029675682261838143
177,-0.04018627464708291
178,1.061455016335881
179,0.6040492231105306
180,0.9031019099134561
181,0.5957570778029138
182,0.8751023760030034
183,1.3835836757551316
184,0.05279417077430937
185,0.3809880285433592
186,1.0078101011129865
187,-0.07392610838438579
188,0.6546491217056041
189,0.8024495035662198
190,0.9604427885131004
191,-0.4655671371953395
192,1.304762714328241
193,0.5951579500356857
194,1.212994786276374
195,0.6673265916009983
196,0.28307128724891434
197,1.0321695356251865
198,1.0528313411654402
199,0.5834388673956974
200,0.8454489468491811
201,0.5415596600940691
202,0.6591455699528526
203,0.06144839159665757
204,1.1595113595751996
205,0.9038274346506099
206,0.5638800781111561
207,0.40786456754218703
208,1.104302123402216
209,0.31908747617320876
210,0.03831605828873458
211,0.08403282249211619
212,-0.22177704593894676
213,0.3580734752485257
214,0.6985699007556698
215,0.5083059635356704
216,0.3306769137024756
217,-0.1527707242419803
218,0.34864288544795635
219,-0.6361440959650916
220,0.8097342853486837
221,-0.820278213445151
222,0.6741315479690946
223,0.8867333343829189
224,0.2401409967536664
225,0.9848761940275405
226,0.9885867606870009
227,-0.15304170798587852
228,0.603654540531991
229,0.8724757068177411
230,0.9277659900701398
231,0.19092153596002714
232,-0.17853421224611277
233,0.7850784996160987
234,0.967326177752436
235,0.4412122185414986
236,-0.2575427582329046
237,0.5449060449442242
238,0.40159467957060213
239,0.5597466470536792
240,-0.020256251439292994
241,-1.0511093024168112
242,0.5797613618840346
243,0.038827246049778996
244,-0.013008127997998331
245,-0.2490205674985696
246,0.7387847902163789
247,0.1383439639583927
248,0.12695087660942972
249,0.4449007575256656
250,-0.7428045745132806
251,1.0454844424784024
252,0.9300082865969876
253,-0.48181726146832343
254,0.15651620828505441
255,0.8616835037894306
256,0.8253310355998178
257,0.6854561324650438
258,0.28769598780822975
259,0.6798003136089311
260,0.245352972051895
261,-0.07918514780113373
262,-0.4592479755630617
263,-0.11145842316837495
264,0.7969530233708036
265,-0.09360602144725194
266,-0.333179331769969
267,0.3149761182918082
268,0.4895713588371979
269,0.4288864844120156
270,0.40812317012070914
271,-0.4786632832812177
272,0.7566792085323355
273,0.8648339701606012
274,-0.43502402277618657
275,0.681614550984754
276,0.7662715875035533
277,0.7246157146686855
278,0.2107928920044125
279,0.06178161688540079
280,0.8799994986719168
281,-0.28137749284977176
282,0.744575286191486
283,0.9087912782085885
284,0.8721964375689559
285,0.7665545092215189
286,0.5252347512700712
287,0.7782703668752566
288,0.5022243213028265
289,0.42730870917930625
290,-0.05872433543154265
291,0.2878643899589508
292,0.6240583890708706
293,1.2058266986070825
294,0.638944508972408
295,0.8515481563075433
296,-0.48256372366570444
297,0.27895386069371697
298,0.04375062537030422
299,0.3373460019249655
300,0.6359799140733906
301,0.5765501992271805
302,0.7509776684501113
303,1.0299906885402477
304,-0.2742947992877639
305,1.16252091713729
306,0.5862319710327559
307,-0.5890706522006218
308,0.24866614332175668
309,0.8483278110014264
310,0.954012953911444
311,0.174833014497494
312,0.7760003373412551
313,0.42832460041030507
314,0.7887199589496618
315,0.8547801794422301
316,-0.6098219107228611
317,0.5582085101467141
318,1.0143058307409327
319,0.09390379461271732
320,0.9744290535835525
321,0.4040289816627619
322,1.0669603602649578
323,-0.3331765994157739
324,1.067348325321082
325,0.492236340725692
326,1.1656035033607717
327,1.150751466244777
328,0.7621981426872547
329,1.0446328901070105
330,0.20840008815752215
331,0.41477274907984946
332,1.0040807780120713
333,0.7323032808208794
334,1.116215114084103
335,0.055639282635291165
336,-0.28889663233378193
337,1.0123717553609504
338,0.6582953785690842
339,0.9858767746597933
340,0.5782998036345924
341,0.626425173631545
342,0.9339895695386047
343,0.6907952639264167
344,0.48187312652493436
345,0.9044772786319435
346,-0.560249675270371
347,0.7409640259387085
348,1.376423101569268
349,0.8939996148027112
350,-0.32762149898370074
351,0.9165252179821268
352,0.9358452148720313
353,0.5244375038812013
354,0.8308992237590436
355,0.2697291044313668
356,1.0561036035471445
357,1.1672943980509356
358,0.17901825348498074
359,0.6001714349520579
360,0.7013138993896226
361,0.8494242047645257
362,0.3354122950936375
363,1.4924043637999689
364,0.4388423172721934
365,0.438794566565143
366,0.7882431090967135
367,-0.20705482904174516
368,1.5597318553376818
369,0.8622683048335525
370,-0.11795044375311409
371,1.0578906426514305
372,1.09078186297944
373,0.9577607066315283
374,0.6688357471954633
375,0.8891070990994385
376,0.894977286385358
377,0.47824326893225455
378,-0.4053169119130693
379,0.41051145919002907
380,0.6759149515039047
381,1.130714862487069
382,0.4833469847486594
383,0.8297293102929715
384,0.9393040033065516
385,0.792088577750216
386,-0.06809918030435275
387,0.7240511132502563
388,-0.03254091467392661
389,1.0701696664894063
390,0.8422367798648079
391,1.0460196840313567
392,1.0431645822775117
393,0.9345474458022766
394,0.9523236011211385
395,0.7260134007823518
396,0.396119756855933
397,0.9540103948822101
398,-0.11557608370389014
399,0.5652591970532496
400,1.2753525134809574
401,0.9953667464533779
402,0.767244773428754
403,-0.31756736016634857
404,0.09087498395908439
405,-0.8577349530930569
406,0.6744289696986208
407,0.30802031719974154
408,-0.779275021909937
409,-0.21621483883713688
410,0.5952750788513421
411,0.6863679409584472
412,0.4591286004298972
413,0.36299660730692
414,1.0957294308246102
415,-0.5027555560456757
416,-0.5932048971394945
417,-0.18246117431205744
418,-0.3872413596168347
419,0.14715046890058145
420,-0.6337849371747706
421,-0.21319502405906054
422,0.10363404628650356
423,-0.1640659361580452
424,-0.12246833065818918
425,-0.16422395513860777
426,-0.6121124761069274
427,0.37103989780646246
428,-0.24331856442960464
429,-0.6755521161312102
430,-0.25503019280217243
431,0.36914258690841023
432,0.8367663315119368
433,-0.16624890255949104
434,0.08058307455598224
435,0.5385501014714497
436,0.34132103938557934
437,-0.006814179811145488
438,0.012336117661032098
439,0.5781308521821578
440,1.4548975889126867
441,1.0003525338934427
442,1.0401045174626682
443,0.45172766236287987
444,0.6232849877511796
445,0.5808124774430831
446,0.9449069895259259
447,0.46967267679328484
448,1.3995327948908243
449,0.008762254160396887
450,0.05087514094509138
451,1.00889647207129
452,0.7221149608956078
453,1.3224924203138688
454,0.6131067079283928
455,1.1693531404421988
456,1.3910044325371278
457,0.3058457730513972
458,0.7611050023162252
459,0.6856593956282994
460,-0.24252686091608172
461,0.5103322866087086
462,1.2624539557631302
463,1.2051238646924767
464,-0.10090773489696414
465,1.5677703231454245
466,1.0695713718098598
467,1.4319326442608178
468,1.046490693797236
469,0.3438618702078907
470,1.1235907024974567
471,1.5535695828777856
472,0.36060456887509784
473,0.8713451569158452
474,0.2639856721246215
475,0.9303530029383973
476,0.43443492351246094
477,0.3884190579091198
478,0.817694356728858
479,0.7876159667767588
480,0.6031664254102657
481,0.5737091094245966
482,0.2579196034775796
483,-0.5733500419220353
484,0.7115951674933585
485,0.46211415082642093
486,1.0769970769344408
487,0.3440737538873679
488,0.9873117376656186
489,0.9068191969979225
490,0.5587622356828121
491,-0.14511037938233529
492,0.36703765152119805
493,0.561951582559023
494,0.6005244520739339
495,-0.1147627435334635
496,0.6237515303578209
497,0.058207647074255575
498,0.7378116987366501
499,0.3391625680634173
500,0.007664892860852923
501,-0.011842994397365303
502,0.741741439014415
503,0.7535417711140198
504,0.7277733159976391
505,0.07409355870240342
506,0.9941875770612136
507,0.8585354023035165
508,0.2856662152942785
509,0.568603340919772
510,0.15965609054801916
511,0.7015829864267071
512,0.084465671814684
513,0.6162846229191868
514,0.032479369514668344
515,0.1310867553798724
516,-0.25959702758344216
517,0.3716746193157838
518,0.7521807550978371
519,-0.36809503440895736
520,0.18702019540148918
521,0.5990576415434188
522,0.7659795966784417
523,0.4346993350849644
524,0.019843848243189965
525,0.37422079563866056
526,0.31423124354515736
527,-0.35342093239429806
528,-0.5418722483226044
529,-0.29407978414925806
530,0.4416195568974316
531,-0.20579006549373602
532,0.1334551062359727
533,0.2557741640598188
534,0.06044655479643607
535,-0.01382610851475291
536,0.2707760532280974
537,-0.27520863767115544
538,0.2398481442829725
539,0.5235673566145687
540,-0.13619969275846
541,0.4311317780720165
542,0.22473714664466388
543,0.8183645754845632
544,-0.15936767831507181
545,-0.2688837181495384
546,0.6208911983159227
547,-0.6116166854722818
548,0.4176220872117962
549,0.49260808924227784
550,0.3211789579456362
551,1.1326870716317092
552,-0.1250199634697792
553,0.8422759994763458
554,0.825792631634215
555,-0.18691915599480508
556,0.6857415549536645
557,1.0466188946469104
558,1.1538087123976777
559,0.9064949610250466
560,0.328895129992775
561,0.6859349476799523
562,1.1008559377973492
563,-0.4924951094785939
564,-0.30135205398053383
565,0.5329359219189479
566,0.6446234536929141
567,0.5479364610308826
568,0.20624891730875244
569,1.060492996083301
570,0.8789290385166634
571,0.525313733622109
572,0.6200847450298269
573,-0.576477231700375
574,0.6383660762206653
575,0.9602016615259247
576,0.33854482473039527
577,0.9166979383228246
578,0.6783436222963811
579,0.7767784961281199
580,0.31222338870378313
581,0.4890855111791668
582,1.2860821505743698
583,-0.7013454592084255
584,0.863902302040135
585,0.8254552782521731
586,0.4679761662218923
587,0.5026101150084861
588,-0.27177539666703654
589,0.6059461210003811
590,0.40059449279672354
591,1.2011815056489665
592,0.5867110277065508
593,1.0432825241720014
594,-0.3474091059268549
595,0.39559576985815653
596,0.08051330780965568
597,0.28812419430193115
598,0.7324461093126339
599,0.770704760198508
600,0.904703023955495
601,1.2537329990881698
602,-0.4146852205808895
603,1.4017576390690023
604,0.8550820025935548
605,-0.16505485350865393
606,-0.05018336893199571
607,0.6143010725150033
608,1.2605101186978747
609,0.21262586746823892
610,0.6278018612474877
611,0.26751725656843184
612,1.199579154100832
613,1.1720390723743286
614,-0.5033393286155968
615,0.6181370354230851
616,1.188205564969817
617,0.09043153980581561
618,1.0723174151623736
619,0.008602603190280944
620,0.8389212865848243
621,1.198905713611342
622,0.6179650224040453
623,0.9585205873725178
624,0.19717355270720377
625,0.3427436709002797
626,0.7773589393467717
627,0.7610584107115582
628,0.41281336657371703
629,0.3109245893392778
630,0.18322822697455232
631,1.0535091666834775
632,0.8575656183852478
633,0.9711101012686918
634,0.31612054252510013
635,0.613984959021381
636,0.9243168739718619
637,0.3868765594264339
638,0.4213986747909344
639,0.9831408934584156
640,-0.36573141128764164
641,0.9104746388153597
642,0.97493357763706
643,1.035249538474845
644,-0.5482559071056248
645,0.6076978631866572
646,1.0555335999181938
647,0.8237275480566328
648,0.6009165138202598
649,0.8206978092879663
650,0.8026919963846049
651,0.989196451857332
652,0.33707643489005495
653,0.8069775814293522
654,1.4395545193252013
655,0.6856888253075486
656,0.7291737921191731
657,-0.7335889559941745
658,0.9921411179516592
659,0.844192878210245
660,-0.33832932567661395
661,0.10893852097111156
662,0.9438934552021742
663,0.6841225663173458
664,0.7754999436777938
665,0.8851165394819349
666,0.8065447902687672
667,1.0978424974147705
668,-0.44688385424359484
669,0.3083360539742869
670,0.4780384282614789
671,0.6148416760287555
672,0.17781801022992272
673,0.3278817912951025
674,0.8731664966377919
675,0.4197217857270217
676,0.4598884382392582
677,0.5356656851562016
678,-0.43441666375938137
679,0.8537167355324253
680,1.0654546419565554
681,0.344473256864264
682,0.6357905817179872
683,0.9337364172978136
684,0.8928284022666304
685,0.913196714191777
686,0.5145473765949652
687,0.7377931680151437
688,-0.22439514834046645
689,-0.5843126529336906
690,-0.26600385655368836
691,-0.5432906357660683
692,-0.7682891242822547
693,0.44301984265723743
694,0.8872720408185848
695,-0.29286708227491587
696,-0.3042779822674567
697,-0.9926380338497283
698,0.09274519826811761
699,-0.41404685942880737
700,0.8820484966865813
701,0.20408487233586114
702,1.1316223206584124
703,0.4025337886954559
704,-0.26509459656734474
705,0.18613441993034208
706,-0.5795711788487832
707,-0.40844507604077823
708,-0.31259994271570757
709,0.5573005043999656
710,-0.7054562243974989
711,-0.2526163413382423
712,0.3146659247534753
713,0.2975950769245207
714,0.04837007151005479
715,-0.28708584692406525
716,-0.18616809491117509
717,0.5249922365415371
718,-0.5595684716665568
719,-0.9235095677983132
720,0.08833153909840291
721,-0.3385883527163067
722,0.794089474292883
723,0.41646391228892843
724,0.13957409193955522
725,0.055049557882121236
726,0.10244671472601034
727,-0.10015758441641925
728,0.7435774952016523
729,0.6474857016998805
730,1.041064679376692
731,-0.1721545532034754
732,-0.05400699586957408
733,0.657797217729664
734,-0.036560607247279095
735,0.9651231114829655
736,0.8090333760662324
737,0.7071662995335777
738,1.0384598709346897
739,-0.5070077364262932
740,0.8310101125902372
741,0.5113899723687017
742,-0.579016708796102
743,0.23058894552500916
744,0.3885608544070219
745,1.2752703409834734
746,-0.37713787590699627
747,1.0329122416885117
748,0.43244327791955117
749,0.9144899790298794
750,0.478384756298869
751,-0.19655007357576681
752,0.6412848602690331
753,1.1885331772205991
754,0.263966964730319
755,0.4133483066492501
756,0.8539697772776182
757,0.8159129314325327
758,0.6063293702079027
759,0.5475071141774183
760,0.26363153973098075
761,-0.5295695887207508
762,0.6959598843190664
763,0.47337373233782026
764,1.0428015706612808
765,0.3734072568449774
766,1.0232822667273989
767,0.8843389662282727
768,0.5442920910740257
769,-0.13167048128537362
770,0.3990190333713039
771,0.5846125149407703
772,0.6563530433036272
773,-0.12680105567488953
774,0.6398312084337276
775,0.0651364201519618
776,0.7495492879713299
777,0.371399413524407
778,0.1559445487123037
779,0.02739580123366636
780,0.7702337974607804
781,0.7917996449783331
782,0.7718148955942006
783,0.0903603068856852
784,1.033745369669011
785,0.9029089110396036
786,0.3088927783490835
787,0.5556232317787863
788,0.2350459318243906
789,0.8188164560985149
790,-0.14313436636718185
791,1.0185457366321657
792,0.3210077559575815
793,-0.34865597275532223
794,0.45944893976433326
795,1.2978696770815437
796,1.075971001700623
797,0.28189464000040265
798,0.7764381005546761
799,0.39523459073689593
800,0.3041656765084906
801,-0.6152142839062877
802,0.1263326540577998
803,0.6589749911671432
804,0.5399271059139215
805,0.1188547928050321
806,0.4688500509202171
807,0.5264048399031425
808,0.18677478165836742
809,-0.10542070423894115
810,0.21963305934882146
811,0.08308068006162704
812,0.43065218082598716
813,0.5325280242623983
814,0.15106359556067772
815,0.7240648681115862
816,0.21847818562736027
817,1.1384767438530978
818,0.7498007479755913
819,0.02250264196375762
820,0.7007552987346627
821,0.029223098617317922
822,-0.29428744423413145
823,0.08096602666787295
824,0.2576521863128365
825,0.40098321340732096
826,0.47971133663110044
827,-0.1121710938761088
828,-0.006022860538614894
829,0.2991993201109424
830,-0.21358251415807195
831,-0.518624632741468
832,0.9287903972413696
833,-0.46668892880482804
834,0.6822059693660889
835,0.4268090127623696
836,0.5444880408814101
837,0.850577712403713
838,0.4149350804284073
839,0.2525191130909089
840,1.2445399957293575
841,0.7367342422816168
842,1.1369399372253302
843,0.37784463083575004
844,0.4104218840259898
845,0.977924659388492
846,0.5383505995142717
847,0.49089829155433284
848,0.5915721843986392
849,-0.08342009840802134
850,-0.3134881428471409
851,1.1904643340731287
852,0.910846958990629
853,0.9944386776984222
854,0.3757375400266687
855,0.2749044888320391
856,0.47335461590663375
857,1.1859985523966385
858,0.8347404298785301
859,1.032552604065818
860,-0.19713132772019448
861,0.03090319413345055
862,0.6145263814750062
863,0.7051434867815544
864,1.0583235658193804
865,0.7883114277294254
866,0.9268879419392262
867,1.244091292709447
868,-0.01933225343710568
869,1.0177422581402729
870,0.9659740336453206
871,-0.20596981511694484
872,0.31017808918517487
873,0.9636727185934105
874,1.1469115708869935
875,0.02460253472756896
876,1.1381484683656575
877,1.0951062748111018
878,1.1707610013330199
879,0.961681874311738
880,0.04562819969441487
881,0.9584416666348766
882,0.4102959726703972
883,0.32720968327342054
884,0.18128862934009013
885,-0.4089424905950879
886,-0.08603833232840233
887,0.9552066093765346
888,0.6341394238972169
889,0.30358841288375366
890,0.29921424526435636
891,0.6201367607242373
892,1.0818378691473356
893,-0.5685114907832759
894,0.010531854680866821
895,0.02737682055390894
896,0.8690613708056301
897,0.6260589785179106
898,0.4581445582089114
899,-0.34058985817229753
900,0.7045341867502583
901,0.3069178802435355
902,-0.3308030974416132
903,-0.5330058855128043
904,-0.43315332882062707
905,0.8009465304009893
906,1.0613284088319772
907,-0.19639487552511148
908,0.14714309762090405
909,0.12290318385432461
910,0.5744204161716148
911,-0.1479581402162526
912,-0.2026214593228708
913,0.6812292578400566
914,0.8460778969086911
915,0.16955228646736498
916,0.4698716338262807
917,1.0712864744003174
918,0.8648943586801782
919,0.9523027396663756
920,0.3164755958922564
921,0.4703955260331868
922,0.9647323061636148
923,0.20947993954805316
924,0.4528110073442557
925,1.120202737500162
926,-0.2650554861964815
927,0.42665751131870666
928,0.6621609749841896
929,0.8922684368246074
930,0.7484900184365969
931,0.3657421835394348
932,1.0436055334391527
933,0.9185700262373055
934,0.8022915171046097
935,1.080301757092621
936,0.497640218954821
937,0.9062849050507905
938,1.167201286961194
939,0.40916052173943473
940,1.0256595135078088
941,0.7176409377820382
942,0.2640636203760237
943,0.5529656680058908
944,0.4369715737241572
945,-0.6849561861936232
946,1.1311961880486159
947,0.577731747207214
948,-0.6518554904337113
949,0.10914563729125637
950,0.9774389609721563
951,0.9041488499136252
952,0.14857896876314292
953,0.7289339749392639
954,0.5006030119282565
955,0.3215470771892559
956,-0.88637458786671
957,0.024805918512274316
958,0.2178074606122608
959,0.42964492496282813
960,-0.20523299635591818
961,0.5277497096387912
962,0.288504127608586
963,-0.21909486487323782
964,0.2824745133081519
965,0.4213347250073233
966,-0.6525957561383918
967,0.4102580334158249
968,0.557978739377252
969,-0.13006383437533964
970,0.22412705681976713
971,0.3798226996967286
972,-0.052047717504984804
973,0.539977656522061
974,0.37406418769241795
975,0.6363749040589084
976,0.4820852418255085
977,-0.23726520408637258
978,-0.5120311338674063
979,0.3821391480697989
980,0.28642144134427516
981,0.6233961225090112
982,0.0344603341510325
983,0.580245861161496
984,0.44045422848757776
985,-0.0278575863291374
986,-0.11194000424211592
987,-0.06620292241481285
988,0.10139647747172979
989,0.37122731951718113
990,-0.5144218720476971
991,0.40771287472408824
992,0.43365007551629486
993,0.5869805586853017
994,0.04438918003304937
995,0.048286315010532266
996,-0.2118251347033152
997,0.3372821775343208
998,0.5764303396644339
999,0.17220699589100247
1000,-0.3639258451874982
1001,0.3285158282956525
1002,0.8231555997178339
1003,0.3419162616741489
1004,0.8760419193871769
1005,-0.22603010830123976
1006,-0.07948230439098836
1007,0.2020935178207277
1008,0.6138948254109678
1009,0.5328303741214052
1010,0.39792538378407105
1011,0.032139141054450426
1012,0.9254460280312138
1013,0.022276681984759017
1014,0.09544833587095145
1015,-0.03508576858544876
1016,-0.051637082610703544
1017,0.6705419049304112
1018,0.5082900987267961
1019,-0.25658393692778036
1020,0.24339596562063814
1021,-0.49599538806638727
1022,1.2388247442137783
1023,0.7368119116752834
1024,0.31218307061591766
1025,-0.4139362321970168
1026,0.6722404657074271
1027,0.42900613268321985
1028,0.4592111363003622
1029,0.03379691910945748
1030,1.2149273982290125
1031,0.6619327891695256
1032,0.39526275301456015
1033,-0.12578990765118686
1034,0.10584155272930107
1035,0.5930672197793546
1036,0.9345284559193439
1037,-0.04718537181015603
1038,0.1291719380187007
1039,0.2988546084221257
1040,0.3848750668330785
1041,-0.007995276680803576
1042,0.6161181682052173
1043,-0.7615914335734904
1044,1.0606946009899199
1045,1.0082346889631908
1046,0.22659774827063495
1047,0.8460348996490933
1048,0.9107151442459029
1049,0.2987024515466035
1050,0.35120060487594307
1051,1.1799787316527037
1052,0.9709800734298204
1053,0.41345950062854087
1054,0.7336311023807003
1055,0.9521203740982719
1056,0.792135854403363
1057,-0.017192461134378667
1058,0.2434177067216003
1059,0.9550549456171384
1060,0.027973210646335372
1061,0.4932359167796598
1062,0.7756995914111798
1063,-0.09365584339053457
1064,0.7040892574848907
1065,0.4483134346804859
1066,0.5920586996345889
1067,1.2245443095135689
1068,-0.140386495875098
1069,0.29269105114386446
1070,0.8751479105873028
1071,-0.1471590265411633
1072,-0.36856177022585235
1073,0.2581338921773425
1074,1.245477191549112
1075,0.7466492748960454
1076,-0.46590814125155944
1077,1.2009858889104175
1078,0.6380860086404556
1079,0.840981488676571
1080,1.0578299227848387
1081,0.18768908849414911
1082,1.1179879883208979
1083,1.153177704128519
1084,0.07424801381653329
1085,1.0868685069133739
1086,1.0988749615968985
1087,0.7791396690574928
1088,0.2721443197495052
1089,0.29401303098344
1090,0.14431846453459454
1091,0.903290468562183
1092,0.6547881116854883
1093,1.049906256670312
1094,-0.26695447150830376
1095,-0.35267357660875254
1096,0.8784232670135584
1097,0.7801868600088548
1098,1.0527311018539556
1099,0.6552569787316416
1100,0.8646420816310347
1101,1.169447183093152
1102,0.03440913211663049
1103,0.6176076900158451
1104,1.0498758920068103
1105,-0.2852059013643601
1106,0.277047809715671
1107,1.0112633388653416
1108,1.2055490636807118
1109,-0.5878311235339617
1110,1.473063376437656
1111,0.6941415336115728
1112,0.7379272352024678
1113,-0.1476061724458074
1114,0.5882011757260793
1115,-0.02890116038801438
1116,0.32581397507566756
1117,0.4382037002715593
1118,1.040433094247764
1119,0.6401712443738523
1120,0.8276928073592263
1121,-0.30418559247940524
1122,-0.369837441598375
1123,-0.011629620630952298
1124,0.4508939167570845
1125,1.0738419559195336
1126,0.8267565582387059
1127,0.9248910223185924
1128,0.33525852298575687
1129,-0.6468433296770977
1130,1.256738909514434
1131,0.7615796425232052
1132,-0.4179799076245617
1133,-0.1127073961708408
1134,0.1784169029618474
1135,0.7257583337013003
1136,-0.10633399687090217
1137,0.7205763001822996
1138,-0.049604795277009645
1139,0.6871192080034707
1140,0.8372356468609381
1141,0.042321138149051696
1142,0.6670294804771344
1143,1.0167997326132006
1144,0.24818422858665357
1145,0.5702990051146355
1146,0.6299324947385323
1147,0.6605558019992691
1148,0.6991188569091424
1149,0.23570985922907572
1150,0.6069289156836479
1151,0.7517020964276238
1152,-0.2774441296074681
1153,-0.061941366911154025
1154,0.6231233334136715
1155,0.47098110268827154
1156,0.4494459365795357
1157,0.26778045695701225
1158,0.7743223869500984
1159,0.6093611418741265
1160,0.6805436130819804
1161,0.5638597301145244
1162,0.25561688160333285
1163,0.70508516686262
1164,1.0891052003849342
1165,0.627991405619325
1166,1.158179172720101
1167,0.07196277574188834
1168,0.5751896443589726
1169,1.1248022777061975
1170,0.4969083649650838
1171,1.1690087448198256
1172,0.6621028557334679
1173,0.8256369801148588
1174,1.0437134402601909
1175,0.4296430897160437
1176,0.6950612372525182
1177,1.048164678195098
1178,-0.5390675083993665
1179,0.011298642497730493
1180,1.009542644969799
1181,1.3076881894358423
1182,1.144792642619704
1183,0.5782618467679808
1184,1.2943136476253718
1185,1.121714194030441
1186,0.4336695762598405
1187,1.0775576910498825
1188,0.9663404427021101
1189,1.1271991002267732
1190,1.2198067401388573
1191,1.043234573044023
1192,0.6837764545769963
1193,0.9946303891748409
1194,0.6163412356917961
1195,0.17129848652953727
1196,0.6991913739394221
1197,0.7744555807053413
1198,1.4110635307317243
1199,0.05150045854167484
1200,0.21209176186178735
1201,1.102647803261036
1202,0.6650851095162091
1203,0.9271931041506751
1204,0.6281451608074623
1205,1.0138860465855437
1206,0.6430923892777743
1207,0.14669818459574552
1208,0.9417103758569496
1209,0.8540030291824099
1210,-0.03446412935487675
1211,0.7178506477863908
1212,1.0486767256207392
1213,1.0989226320706513
1214,-0.46734130225714443
1215,0.9947664102581784
1216,0.9465455259853048
1217,0.5692266088954514
1218,1.030635669310644
1219,0.23217982611705557
1220,0.6667105950356604
1221,0.23822388105943587
1222,0.646793070901644
1223,0.8337036197828607
1224,1.0163860062672188
1225,0.21231566736380791
1226,0.932141067045958
1227,0.15782565644827784
1228,0.31809870365594456
1229,0.13213379059068403
1230,0.1215987845580484
1231,1.0078813883431001
1232,0.4939070742013996
1233,-0.3346346652357298
1234,0.6403180883628321
1235,-0.23742447401328626
1236,0.9687284167498529
1237,0.8640423346446058
1238,0.518490011852713
1239,-0.4596822944959553
1240,0.5159589054790924
1241,-0.061588719786609514
1242,0.2001670224047383
1243,-0.03691572007803755
1244,-0.3156096430140366
1245,-0.42263179199044243
1246,-0.06434373975062885
1247,0.5874660271308211
1248,0.5162021423251075
1249,-0.18037726098218104
1250,0.7402196011717816
1251,0.2212223165256599
1252,-0.7524369792562388
1253,-0.5470965406787182
1254,0.04292433282690791
1255,0.41360269049284754
1256,-0.6587977928643729
1257,-0.07185998576648284
1258,0.45353562558573945
1259,-0.3996150765934634
1260,-0.7055738966724625
1261,0.3350234318387416
1262,-0.6356903998415383
1263,0.06940579519950785
1264,0.7144167562695242
1265,0.2834094007298712
1266,0.42413758155680603
1267,-0.36286305243493583
1268,0.5166909221384912
1269,1.382524258671192
1270,0.594406282297046
1271,-0.38974720428885523
1272,-0.5106187237940367
1273,0.3898615922029503
1274,-0.20923843642776208
1275,0.3136333012201411
1276,0.8994652258826695
1277,0.5597292564343324
1278,0.7032933418963054
1279,0.36198896160249505
1280,0.16046999866167774
1281,0.5864476229020372
1282,0.2351371320497142
1283,0.339725671776555
1284,0.2357242063063717
1285,0.641958072510985
1286,0.6980305671752534
1287,1.0230151281636348
1288,0.5731116119921557
1289,0.5666638645107324
1290,0.40917721651857536
1291,0.30743311488849384
1292,0.3530353945373567
1293,0.7175385167076799
1294,0.9629850998660148
1295,0.7459546920089336
1296,-0.26216384458759434
1297,-0.08661085107550087
1298,0.5544579588171764
1299,0.5408538747502194
1300,0.9143826531416628
1301,0.7425682195053267
1302,1.0561830015997733
1303,1.2609174038061246
1304,-0.15986908129304078
1305,0.8486540394192897
1306,0.770857871995679
1307,-0.35545936860252836
1308,0.04800516515964043
1309,0.46985503436519493
1310,1.2136483589898508
1311,0.7841470286944128
1312,0.9887239540397166
1313,1.0352769765884755
1314,0.7647338335356102
1315,0.35285786096221927
1316,0.5979244637914493
1317,1.1744586976732836
1318,1.0556382420874477
1319,0.09927861809523297
1320,-0.028431985853801356
1321,1.3988002253943526
1322,0.7382038793225872
1323,1.0043513913267303
1324,0.8031491478098793
1325,1.032820390544697
1326,1.0456694331859828
1327,-0.04465505093946978
1328,0.725735035515614
1329,1.2136456866403171
1330,-0.35554774507001097
1331,0.7560252478196168
1332,0.49539685063403327
1333,0.6303286548619843
1334,0.8310419737630474
1335,0.285497305485822
1336,0.14912673812951527
1337,0.5764139092273697
1338,1.078453959019371
1339,0.7479460255129159
1340,-0.2508653992518268
1341,-0.09560581666811888
1342,0.9846520673007622
1343,0.09581236471346141
1344,0.9923513964985488
1345,0.9305926743014561
1346,0.2809670609017264
1347,0.041634052773126685
1348,0.5168649839312747
1349,0.4961152582586711
1350,0.44863874323431574
1351,-0.04447986967060502
1352,0.7618885554132466
1353,0.6552963543317494
1354,0.8258281266664695
1355,1.2480772021237274
1356,1.0161542793887208
1357,0.8578849765601751
1358,0.14348670347009485
1359,0.6268750485107797
1360,0.5151013051635361
1361,0.9865258310996093
1362,0.17264849927057818
1363,0.3283330420889205
1364,0.6214145478515751
1365,0.36613327857063577
1366,-0.1521568344381944
1367,1.10098304883637
1368,-0.5525525249632115
1369,0.8539973703897299
1370,1.0418064740121675
1371,0.43222794484506144
1372,1.1205277704288188
1373,0.942695284203007
1374,0.7285515046153743
1375,0.9468633977814477
1376,-0.09142885533049945
1377,0.5910634551078283
1378,0.28951843589092635
1379,1.3199751949041516
1380,0.11019121120347372
1381,-0.061235150311779396
1382,0.037576544394717803
1383,0.5614057913356065
1384,0.4649483164218323
1385,0.5203932979958881
1386,-0.18957488458366129
1387,1.0267446966745075
1388,0.3566728317547045
1389,0.5101194797573684
1390,0.14786936043214105
1391,-0.12463889166837872
1392,0.5826597654978746
1393,0.34583465800372315
1394,-0.29517434527625575
1395,-0.00010880584955143269
1396,-0.6346239568157626
1397,0.539117458932503
1398,0.9100167664100144
1399,0.2974038438616359
1400,0.9220513185008385
1401,0.2414565684209773
1402,-0.28303255288184814
1403,0.4075047629015024
1404,0.499850296854233
1405,1.052362201421488
1406,0.01181687247216301
1407,0.19040303689502436
1408,1.2109505630426471
1409,0.4089524522453377
1410,0.4965031984088376
1411,0.2683756455561732
1412,0.41431695076732444
1413,0.6521947843826367
1414,0.061881858183885585
1415,0.16940844280410355
1416,0.8023685351556795
1417,-0.22559329240036718
1418,-0.8577534866622677
1419,0.1636847708253244
1420,0.5192656989525193
1421,-0.14215165203230978
1422,-0.45673709214285213
1423,-0.8883088292133516
1424,-0.28888664670908404
1425,-0.1401381908486546
1426,-0.11258878131524364
1427,-0.3469048332272481
1428,-0.5785021550801571
1429,-0.29476936228323386
1430,-0.5079686376077914
1431,-0.39960403801118616
1432,-1.181829946917038
1433,-0.43393219611871847
1434,-0.1602674725289469
1435,-0.46103544714715355
1436,-0.7630325835979015
1437,0.06340641022650367
1438,0.32465125333226297
1439,0.9638682921055983
1440,0.10062474112862922
1441,0.649270718131574
1442,1.1441900210689682
1443,0.5341969848644124
1444,0.7737199694827122
1445,0.5096020764225992
1446,0.6048160252852055
1447,1.0640635958404747
1448,-0.019166756574343302
1449,0.533485900598909
1450,1.1328566967892286
1451,-0.23348413112951238
1452,-0.06402541415737768
1453,0.419530361878078
1454,0.8638873586684919
1455,0.7133092706578221
1456,0.19164175846354092
1457,0.741821089791514
1458,0.40588457887527796
1459,0.8085627498896697
1460,0.5497676569790858
1461,0.8609510579818448
1462,0.5819244371627362
1463,0.5737481626711738
1464,0.5389488126264628
1465,1.1694116719707675
1466,0.24332213022411142
1467,-0.06997722405236062
1468,0.6894238579387304
1469,1.1149834005188235
1470,1.3172649379004504
1471,0.619177462686309
1472,1.021664187486973
1473,0.9577484396981812
1474,-0.11909610997102205
1475,0.6632332596258983
1476,0.6087471593129621
1477,0.26749649155193433
1478,0.21278907583393225
1479,-0.10750220771156127
1480,0.0435961908898065
1481,0.6743879982737974
1482,1.0763790519412746
1483,0.40845961122061913
1484,0.4082682487742387
1485,-0.07832845310560471
1486,0.7584867633831087
1487,-0.16034617767349502
1488,0.28074915201083644
1489,0.43088036057336415
1490,0.8015184778708564
1491,0.9522764135288878
1492,0.7714301095249301
1493,-0.23439623148274868
1494,0.8982380787437219
1495,1.169275132126216
1496,0.6274336155834261
1497,0.36059937276159354
1498,-0.13941068175939986
1499,0.1189321659127584
1500,0.3986870836669666
1501,0.7866463967035202
1502,0.10232105497344968
1503,0.11803270752316887
1504,0.2890198641427456
1505,0.44620490854711586
1506,-0.3421014642126198
1507,0.5976786087097634
1508,-1.2366902046049928
1509,0.7742384553948952
1510,1.1453803954046955
1511,0.04750426343119907
1512,1.0105982487456147
1513,1.3632161683168906
1514,0.9177416282215421
1515,0.6063588570967557
1516,0.0715271346763191
1517,0.44241907349805887
1518,0.3748921355266858
1519,0.9850915805038224
1520,-0.23147276250648102
1521,-0.24425142948794787
1522,0.5064416272883061
1523,-0.03531732496372557
1524,-0.5734025301772048
1525,1.1911611866591714
1526,-0.7963486951558582
1527,0.49641424235357134
1528,0.9918675587980723
1529,0.5246143217608608
1530,0.1683077305986067
1531,0.7730797477762513
1532,0.6596009324414608
1533,0.34059830203723435
1534,-0.05288473327399057
1535,0.467435054538616
1536,-0.23041804651230902
1537,-0.15808055459119663
1538,0.1554672365371946
1539,0.3843257468478551
1540,0.049726561212122405
1541,0.197517347021461
1542,0.1306913194088714
1543,-0.15203534267682722
1544,-0.24030695947801128
1545,-0.052480341484650375
1546,0.09616447719794678
1547,0.781807209371935
1548,0.8475582008552379
1549,0.4212183654482554
1550,0.8161362988777185
1551,0.9869967109173399
1552,-0.028700845513208395
1553,0.03255875186639873
1554,1.0214002773658435
1555,0.7366675596430579
1556,0.4831349058570836
1557,0.1530267650194952
1558,1.0286256246637184
1559,0.5564319578979333
1560,0.34045888707810623
1561,0.21088282734791414
1562,0.4145576435401084
1563,1.203874751585733
1564,0.986201033942854
1565,1.2527694265373865
1566,0.6206788873920247
1567,-0.2153404070495029
1568,0.4667432831447287
1569,0.41857332897080135
1570,1.2014093468300342
1571,0.4916997010356161
1572,0.19625950484798482
1573,0.9199581964941124
1574,0.10948674902558653
1575,-0.14405332654945738
1576,1.0774499347797466
1577,-0.7439816418481454
1578,0.3149800541738626
1579,1.1614327692206516
1580,1.2431098453433131
1581,0.7318549328795939
1582,0.12579001627681918
1583,0.2819137945451755
1584,0.35196546846497423
1585,0.6870013682520635
1586,0.9556012899150478
1587,0.35555209097256346
1588,0.37944086562770396
1589,0.36644245283916327
1590,0.610101336404888
1591,-0.266089111690914
1592,0.8273900513653443
1593,0.07868139659081969
1594,0.9428894305156595
1595,1.0271028112059088
1596,1.0228592138211041
1597,0.6679558879887308
1598,0.21038694664437368
1599,0.6198582319968245
1600,0.6363537882587244
1601,1.1555017229074054
1602,0.9514695812779721
1603,0.9265515805049944
1604,0.03979681653806044
1605,0.24481033048265177
1606,0.37671099001931896
1607,0.5582697743354896
1608,0.5497989563247222
1609,0.8840652657632679
1610,0.5038745414401119
1611,0.4543107153031456
1612,0.038170983364617384
1613,-0.0019854292675403062
1614,-0.4694921484467629
1615,0.7501790766543884
1616,0.5924803440906723
1617,0.43745997997712016
1618,0.617012038642669
1619,-0.3103933289185431
1620,-0.1383021293966624
1621,0.1932294763370241
1622,-0.13346543874734845
1623,0.23344314714605657
1624,0.7511395902003088
1625,1.1320610875323571
1626,0.6007874066508274
1627,0.1743598545635393
1628,-0.04457995759703237
1629,0.0906570366614215
1630,0.18707726919994416
1631,0.8051340558575083
1632,0.26055292154509274
1633,0.16506437387044876
1634,0.09925088128472759
1635,0.2351229774105994
1636,-0.404114706483091
1637,0.7340888327004126
1638,-0.64883051362792
1639,-0.8431333969425512
1640,-0.2849175270641612
1641,-0.8739531532381173
1642,-0.5406284893977886
1643,0.1638867745973822
1644,0.22499315644219708
1645,-0.6898743539602488
1646,-0.15109610644410706
1647,-0.3506497581942457
1648,0.02614095234362479
1649,-0.33979854194393727
1650,0.9544170327035004
1651,-0.6491397603482878
1652,0.6189648568237747
1653,0.9590898733397015
1654,0.9468801495984471
1655,0.41879830671985036
1656,0.6611317267038779
1657,0.2973147703402814
1658,0.6103548039268267
1659,0.6762660248932582
1660,0.9611944486318174
1661,-0.04945800240948972
1662,-0.058595150881745384
1663,0.4920507641059327
1664,0.9711741644298488
1665,1.0199070317641288
1666,1.175099731334868
1667,0.5823037142834936
1668,0.7252182338489456
1669,0.33281109931985065
1670,-0.039498047364542155
1671,0.8594800154048108
1672,1.0304230359952007
1673,1.0323358413500632
1674,-0.01156568465568808
1675,0.004001202785383184
1676,1.2465261737371605
1677,0.8918683117695718
1678,0.22226807184408912
1679,0.9105859307853876
1680,0.027640263256830805
1681,0.857739353750107
1682,0.988306141528266
1683,0.10486909296408076
1684,0.699438694648931
1685,0.5279376747345222
1686,0.8884367550647918
1687,0.8818727810623859
1688,0.019603370027926337
1689,0.36536652009381165
1690,-0.5202352149521093
1691,0.40439528542205994
1692,-0.7951513829266033
1693,0.5055348172954038
1694,0.8315654189847723
1695,0.7814603615581238
1696,-0.21229723766063915
1697,0.5648649562891401
1698,0.3893648948768873
1699,0.14591730904946965
1700,0.45558151305848515
1701,0.9610426635279526
1702,0.9801869463876867
1703,0.3737952504106371
1704,0.9265336063264151
1705,0.755399000439833
1706,0.3088625773325616
1707,0.11779577358018939
1708,0.8662677412366859
1709,0.7852509072605716
1710,0.39955570864032197
1711,0.17162834197597043
1712,0.13807878798769663
1713,0.6662154436292926
1714,0.47564604626873663
1715,-0.026198123333995238
1716,-0.20047066332486507
1717,0.9158705525463827
1718,0.5326440896955599
1719,0.04761340662245009
1720,0.26836968752584983
1721,0.4734145500253578
1722,0.6497358712799892
1723,0.6822620699457141
1724,0.04516707381101037
1725,-0.4977836853696286
1726,0.6112774190654382
1727,0.06593859080132947
1728,-1.0949747884205965
1729,0.01916712570923984
1730,0.6057769830768351
1731,0.526619773824695
1732,-0.0020858145473884315
1733,-0.007994822024551762
1734,1.088126139907175
1735,-0.10069231098228587
1736,0.7229902310492787
1737,1.3875159308737308
1738,0.6039639202835071
1739,0.5693811368334939
1740,0.181495507792746
1741,0.13702958370220814
1742,-0.3033085459866901
1743,0.5033277157459519
1744,0.3093210375072462
1745,0.1108281688560708
1746,0.0873690765518776
1747,0.43680141877612405
1748,-0.3382243188507761
1749,0.1745004367500682
1750,-0.03291007257343104
1751,0.2214979841861957
1752,0.6802930341530665
1753,0.5974558647885143
1754,0.26582595259598096
1755,0.3599167834702546
1756,0.809954402551389
1757,-0.24932938224137735
1758,0.3151398091277332
1759,0.010088809645413477
1760,0.8643911585289474
1761,1.270855471605263
1762,0.34328359395407765
1763,0.3414172292724196
1764,0.23985155985450865
1765,0.5392202708802649
1766,0.8438594372191839
1767,-0.014130659670682638
1768,0.6412503068365267
1769,0.49685734926347935
1770,-0.5447485592664669
1771,0.5936727703877216
1772,-0.001234379199168717
1773,-0.5244661554251382
1774,0.23884946186125763
1775,0.7198154123427132
1776,1.0307753204413181
1777,0.616085889903496
1778,0.3588283426116819
1779,0.7436317261593473
1780,0.22119400148513457
1781,0.24131168047984766
1782,1.1731079539703293
1783,0.8855866904421191
1784,0.7850421740930668
1785,0.5186029760141677
1786,0.33423649264725586
1787,0.4850960813758681
1788,0.7452766948645586
1789,1.1796718098515302
1790,0.5103659499633735
1791,0.07751533153422019
1792,-0.02633390517806211
1793,0.12253557633512613
1794,0.5461093575392005
1795,0.5063482230272704
1796,0.5916810342333374
1797,0.36571487593859564
1798,-0.5513278655972752
1799,0.3706222281628308
1800,0.277171925647793
1801,0.7991164440675217
1802,0.6952384205938553
1803,-0.19585760694070453
1804,-0.3468420057826349
1805,0.5226296769833799
1806,1.071588902751112
1807,0.7492833280102484
1808,0.44380425335835444
1809,0.3106044944991327
1810,-0.01641304907579603
1811,0.568772259481394
1812,0.17638714186995608
1813,0.30760032943432664
1814,-0.08067995499455372
1815,0.5522611748551685
1816,-0.9786943631087519
1817,0.6365491595969195
1818,0.7387473670929436
1819,0.6518095598746595
1820,0.035188112071656064
1821,-0.46355246233430036
1822,0.0351224799619132
1823,0.7795786266332313
1824,0.9471864235755881
1825,0.8053877278811348
1826,0.9627597781242871
