Date,GOOG,AAPL
2015-12-30,774.0399124352327,26.937073282442732
2015-12-31,764.8903405541563,26.46150747330963
2016-01-01,763.0,26.35875
2016-01-04,736.8144174208144,26.004184422809423
2016-01-05,744.8647912941174,25.930656484149875
2016-01-06,741.7786350797267,25.197492336217604
2016-01-07,729.1942109473681,24.44190402761796
2016-01-08,722.3199825396825,24.37199045346064
2016-01-11,711.503347,24.533368882175235
2016-01-12,723.0593891705073,24.933999864681986
2016-01-13,717.2597802325578,24.864205211267578
2016-01-14,711.623248210024,24.550631889763764
2016-01-15,695.4320254545448,24.252818815789464
2016-01-18,695.4320254545448,24.252818815789464
2016-01-19,702.0715709302327,24.309425753012043
2016-01-20,686.7032652680653,23.807673877551018
2016-01-21,709.8752276744186,24.18152693498455
2016-01-22,724.6360723557689,24.98644384105958
2016-01-25,722.8723914004914,25.128919126506016
2016-01-26,712.1919328502413,24.899775452196383
2016-01-27,708.9592739999995,23.813732911392442
2016-01-28,724.4244063745022,23.44128972602734
2016-01-29,739.148436595745,23.982984171597657
2016-02-01,760.9080934102142,24.071578224455614
2016-02-02,780.1468803191493,23.794782711864404
2016-02-03,742.794324586777,23.807614710485144
2016-02-04,711.7064044210531,24.038633783783787
2016-02-05,689.7357058189647,23.77804942716856
2016-02-08,671.3715099221789,23.45249234234234
2016-02-09,683.1831765402845,23.67988724489797
2016-02-10,690.9849725055436,23.835624635332227
2016-02-11,676.9048061810153,23.33843154761902
2016-02-12,684.5284511737091,23.46334605475041
2016-02-15,684.5284511737091,23.46334605475041
2016-02-16,690.5280921800946,23.952418389057733
2016-02-17,703.9035191685922,24.31310859375001
2016-02-18,702.437983847981,24.331938845553807
2016-02-19,700.3653730496444,24.04481793650792
2016-02-22,707.845751824818,24.11183486842103
2016-02-23,698.4982639024383,23.848703945111467
2016-02-24,689.3624574117646,23.67263389570548
2016-02-25,699.9623007228921,24.019165619834702
2016-02-26,706.238162043796,24.284993686006818
2016-02-29,705.4874920595533,24.346846473779358
2016-03-01,713.2230648058256,24.85229834983499
2016-03-02,716.2761689223059,25.08098839427661
2016-03-03,711.9708659793815,25.28426213768119
2016-03-04,710.405645320197,25.654328797468374
2016-03-07,697.1056356435636,25.525140400667762
2016-03-08,697.9678840796018,25.291235244519402
2016-03-09,702.2192920595536,25.2834184981685
2016-03-10,710.8382342042758,25.29856655290099
2016-03-11,722.8208840855104,25.48281818181819
2016-03-14,731.4944153846144,25.599360317460285
2016-03-15,728.9327228426403,26.10302861313869
2016-03-16,730.0297077500004,26.32071731669267
2016-03-17,739.8740037688439,26.44704060913706
2016-03-18,735.5654620192311,26.46802910321486
2016-03-21,738.9891022900769,26.547853768844202
2016-03-22,742.1239333333333,26.639535440931777
2016-03-23,739.9440097938142,26.63807132216016
2016-03-24,733.8300154216864,26.38387059891109
2016-03-25,733.8300154216864,26.38387059891109
2016-03-28,735.8669314285713,26.370922125435538
2016-03-29,740.2086971722372,26.70210757314974
2016-03-30,752.7230050239237,27.33270387596901
2016-03-31,746.748840399002,27.32168671328673
2016-04-01,746.281569478908,27.362675752212386
2016-04-04,745.053676693767,27.808462618296527
2016-04-05,738.9463556994825,27.491740128410928
2016-04-06,742.103011197917,27.569097404844282
2016-04-07,740.7624737373733,27.338431570247923
2016-04-08,739.1101288888887,27.23751502683361
2016-04-11,741.9731348370921,27.4024266323024
2016-04-12,738.6321275064265,27.458760286225385
2016-04-13,749.5594957920786,27.93425025380712
2016-04-14,755.1244675257738,27.973510630630592
2016-04-15,759.0054769417475,27.71500357723578
2016-04-18,764.6778866666664,26.99971024096389
2016-04-19,756.3393071942444,26.791300663349894
2016-04-20,753.6648151219507,26.838807407407405
2016-04-21,745.6563001776199,26.501333794162807
2016-04-22,719.8413082851637,26.333749651567945
2016-04-25,720.3889888619857,26.267863743676237
2016-04-26,714.2490652173911,25.574822576530597
2016-04-27,700.9302081264111,24.32605035714281
2016-04-28,701.8693026490067,24.10219957865167
2016-04-29,692.5289949640285,23.436761624649854
2016-05-02,695.2241512690358,23.366191880920162
2016-05-03,694.988464019851,23.639953508771953
2016-05-04,696.1800897755613,23.61007379421223
2016-05-05,699.5471745679016,23.315464013840817
2016-05-06,707.1244796526058,23.169910309278364
2016-05-09,715.8891637279601,23.268312919463103
2016-05-10,720.9310464373469,23.281294708994704
2016-05-11,720.0462026178008,23.21451509433963
2016-05-12,713.4117519900498,22.678041467065857
2016-05-13,711.886722606383,22.647326582278463
2016-05-16,714.5555914285717,23.340522624434435
2016-05-17,711.919906649616,23.47702942028985
2016-05-18,707.2537159383035,23.6185457990115
2016-05-19,699.9372073417721,23.51755300546449
2016-05-20,710.1656549636804,23.74872564543892
2016-05-23,706.5352962593519,24.116424962405986
2016-05-24,717.7219725490202,24.39538330781015
2016-05-25,725.227726054591,24.76556924242426
2016-05-26,723.388205134475,24.956174447949543
2016-05-27,732.042940786241,24.98458384491116
2016-05-30,732.042940786241,24.98458384491116
2016-05-31,734.6481099502483,24.944405254777074
2016-06-01,735.1062356060606,24.756474474959603
2016-06-02,728.2583791443852,24.384389119999998
2016-06-03,722.9891301265824,24.473716356877347
2016-06-06,718.4550414392062,24.66659664804467
2016-06-07,718.9956827411168,24.827704044117628
2016-06-08,725.7745433090035,24.75503471933473
2016-06-09,727.256573333333,24.872207999999983
2016-06-10,720.2457581280778,24.741113274336264
2016-06-13,721.1847197435894,24.4084881300813
2016-06-14,716.4091714652949,24.327980961182984
2016-06-15,720.6229942408376,24.44479367311073
2016-06-16,707.5938966019419,24.216869727891194
2016-06-17,693.1748802816902,23.9576632307692
2016-06-20,698.3647139150954,23.96906641221376
2016-06-21,695.5211060301501,23.990457482993204
2016-06-22,697.1293330729168,24.02077889273356
2016-06-23,695.2344069506734,23.97003156250002
2016-06-24,680.5135272727274,23.36402052565706
2016-06-27,667.8460042553196,23.04292578710646
2016-06-28,676.4637655011653,23.23791747572813
2016-06-29,684.1719884337352,23.55586660839161
2016-06-30,687.8047488721805,23.786586397058848
2016-07-01,698.6205670761667,23.98726087786258
2016-07-04,698.6205670761667,23.98726087786258
2016-07-05,693.0059460559797,23.7134991087344
2016-07-06,697.6734045918371,23.782181690140874
2016-07-07,692.6498107416879,23.992034651600765
2016-07-08,702.43579086651,24.139145740740748
2016-07-11,713.6245009803918,24.3033136861314
2016-07-12,720.66096010101,24.351710594795524
2016-07-13,719.6688373711343,24.30301599229289
2016-07-14,720.1724055837562,24.5729481228669
2016-07-15,720.4958921182257,24.683694378194218
2016-07-18,731.7541930787595,24.92338823529414
2016-07-19,734.4262511450386,24.94105216572508
2016-07-20,740.4085421052636,24.997684859154912
2016-07-21,738.1007701298706,24.929442226148403
2016-07-22,740.9202291989668,24.67759913344887
2016-07-25,739.3204931693992,24.41803028846154
2016-07-26,737.661315802469,24.686552925531938
2016-07-27,742.0216058004642,25.831294852941117
2016-07-28,751.9095594227507,25.960678680981584
2016-07-29,773.7360281800399,26.04312495637
2016-08-01,775.2906343529413,26.358644103392585
2016-08-02,771.3491997543001,26.20680642978003
2016-08-03,769.8500602469135,26.362858041958035
2016-08-04,772.0777080729163,26.42076718750002
2016-08-05,780.7991980148876,26.799265016501668
2016-08-08,779.924705555556,26.986081989708417
2016-08-09,786.2220945312497,27.123614695340482
2016-08-10,784.847504120879,27.048590630975145
2016-08-11,785.3003624352333,27.09606988847585
2016-08-12,781.9483141643054,27.02907253384918
2016-08-15,782.8695728021977,27.33280627009645
2016-08-16,778.6459864640888,27.428636650082918
2016-08-17,776.775126190476,27.2477891634981
2016-08-18,779.2326997134671,27.320134399999983
2016-08-19,775.0499236914595,27.30667102272726
2016-08-22,771.9101793565686,27.12839942418423
2016-08-23,773.2345055710307,27.229524070450086
2016-08-24,770.3156749347257,27.04867514792898
2016-08-25,769.0979475409833,26.860930620155
2016-08-26,770.3313067885109,26.777633198380578
2016-08-29,772.8302120218589,26.718562146892673
2016-08-30,768.52856344086,26.436876401179923
2016-08-31,767.0772937823835,26.55715555555553
2016-09-01,768.2627355614981,26.589956685499033
2016-09-02,770.9700710327461,26.845372145328717
2016-09-05,770.9700710327461,26.845372145328717
2016-09-06,778.6029318066156,26.95447136150234
2016-09-07,778.5891397877986,26.952145277361364
2016-09-08,776.0536164062509,26.56048435171387
2016-09-09,765.9620572727267,26.020342986425348
2016-09-12,765.5552446969697,26.087964069264086
2016-09-13,759.2857967661688,26.93486900149028
2016-09-14,763.8706160104987,27.756309000000012
2016-09-15,769.1634020202016,28.649635204081648
2016-09-16,767.0897055276381,28.74044279835387
2016-09-19,768.5431845953012,28.572739104477638
2016-09-20,771.1653554945052,28.391630381944452
2016-09-21,772.5569533678745,28.339138279932516
2016-09-22,786.5154308457705,28.623810854092515
2016-09-23,786.0383456852799,28.39663781645572
2016-09-26,775.4311733333335,28.15865996908809
2016-09-27,782.5405528436028,28.2318021314387
2016-09-28,778.7433279012346,28.461387852112676
2016-09-29,778.8244946700509,28.15774596912527
2016-09-30,778.0606631840786,28.20855283993116
2016-10-03,771.4027051413881,28.165598269230756
2016-10-04,775.4774258227852,28.30311746323528
2016-10-05,779.2403256926947,28.2988095477387
2016-10-06,778.6927782608702,28.464339928057534
2016-10-07,774.1413832898171,28.510760456273765
2016-10-10,785.3882698254372,28.99326681159415
2016-10-11,784.9930621483375,29.27711897018967
2016-10-12,785.2867677165357,29.316610920436805
2016-10-13,776.9525868686875,29.182205801526706
2016-10-14,779.6238467914437,29.40148193979933
2016-10-17,782.6254141333341,29.33875645438898
2016-10-18,796.3912648910407,29.477266828478975
2016-10-19,801.7290820000005,29.324046503496483
2016-10-20,799.0227302663436,29.25122880733945
2016-10-21,797.2548960099743,29.159902650176665
2016-10-24,811.6815097156389,29.353647275641006
2016-10-25,808.6316523002428,29.294497474747462
2016-10-26,800.6299061881188,28.724671191135727
2016-10-27,797.3405788785041,28.732588328075714
2016-10-28,804.2752765072768,28.568350522648068
2016-10-31,789.543027594339,28.434434766355146
2016-11-01,783.1566557457205,27.99153327239488
2016-11-02,772.6656116279072,27.896795962732924
2016-11-03,763.7203617577198,27.57634941176471
2016-11-04,765.0299221674884,27.355828596187152
2016-11-07,780.9604176755445,27.529246921797032
2016-11-08,789.599208883249,27.682225645756443
2016-11-09,782.3451323788544,27.462170696452063
2016-11-10,765.874995560748,27.216865930599372
2016-11-11,754.2767222717152,26.997433165829136
2016-11-14,739.1716723404262,26.509741450777213
2016-11-15,757.6932354691071,26.69625571177503
2016-11-16,762.6274219143576,27.210033333333353
2016-11-17,770.0157569269517,27.412986033519516
2016-11-18,765.6309435443037,27.48949226973685
2016-11-21,767.4797461139899,27.828350273224046
2016-11-22,771.7823361445785,27.96128961267602
2016-11-23,758.7661508951411,27.761317131474087
2016-11-24,760.12,27.802142857142858
2016-11-25,762.2885300925926,27.855065298507448
2016-11-28,772.6211002512559,27.943354396728008
2016-11-29,775.0283552162853,27.82091570680625
2016-11-30,762.5185422062345,27.749281010100983
2016-12-01,746.7876115662654,27.47195063063061
2016-12-02,748.3988285714279,27.402712641509428
2016-12-05,760.1789867167921,27.340053673469402
2016-12-06,761.7462566502461,27.430221708185034
2016-12-07,763.6268562499994,27.531980255941487
2016-12-08,774.9455787499995,27.97148822393824
2016-12-09,785.7327812500004,28.422768535262243
2016-12-12,787.6600767088607,28.261954511970504
2016-12-13,800.5667090243901,28.775337967914446
2016-12-14,799.3159234413965,28.881149734513276
2016-12-15,797.6695357868024,28.948775789473654
2016-12-16,793.3619606770823,28.99985239726027
2016-12-19,794.0828225806453,29.168119656488518
2016-12-20,795.8010074498561,29.2374211397059
2016-12-21,791.1201730458216,29.263308299595142
2016-12-22,790.9915793785306,29.048657374100703
2016-12-23,789.0767435045316,29.06635528942116
2016-12-26,789.0767435045316,29.06635528942116
2016-12-27,793.2807438040346,29.352913333333362
2016-12-28,785.9799736263741,29.269018199608627
2016-12-29,781.6532515151509,29.16835555555554
2016-12-30,774.4493972081219,29.01737527272724
2017-01-02,774.4493972081219,29.01737527272724
2017-01-03,784.3931288607603,28.918280994671424
2017-01-04,786.8870633689845,29.027882941176458
2017-01-05,790.5469658031085,29.09967515151516
2017-01-06,803.8536759213765,29.422632588454388
2017-01-09,807.4183692307688,29.71418543516875
2017-01-10,805.7766948320414,29.754890060851924
2017-01-11,804.9380248648641,29.786427855711413
2017-01-12,803.4635624040924,29.728155325914123
2017-01-13,808.5458969151675,29.763689259259248
2017-01-16,808.5458969151675,29.763689259259248
2017-01-17,803.3154433701657,29.918682809611852
2017-01-18,802.9772842818421,30.002598481973447
2017-01-19,804.2732465181056,29.945831561461798
2017-01-20,803.9381257653068,29.999303584229388
2017-01-23,813.6163509999991,30.00573802281367
2017-01-24,822.2117619999995,29.961352040816323
2017-01-25,829.6104041763341,30.341899819494614
2017-01-26,827.3863015748025,30.476177611940283
2017-01-27,825.3834228846149,30.478033750000005
2017-01-30,804.5398044289047,30.30727064846418
2017-01-31,795.5206264367811,30.491035703918758
2017-02-01,794.5154168202761,31.963734367245646
2017-02-02,798.1229319512199,32.0882018662519
2017-02-03,803.0311397499999,32.16339355932203
2017-02-06,799.3765259740255,32.48680900562853
2017-02-07,807.3546105398455,32.839957699115004
2017-02-08,809.3997683246068,32.91635840407468
2017-02-09,808.8289111111112,32.977488500000014
2017-02-10,813.7421899999997,33.07768037225048
2017-02-13,818.6232688144327,33.33613781942077
2017-02-14,820.5844202597409,33.589851648351626
2017-02-15,820.6789949367094,33.857662184873924
2017-02-16,822.6578342175064,33.824080851063805
2017-02-17,826.2807673913046,33.842839999999974
2017-02-20,826.2807673913046,33.842839999999974
2017-02-21,831.4574583333333,34.10401348122864
2017-02-22,831.9040719346043,34.169166194690334
2017-02-23,827.2173568877556,34.19570733082708
2017-02-24,826.2443260545901,33.95575425531919
2017-02-27,828.0394193121698,34.25502431972791
2017-02-28,822.764558942066,34.268782795698925
2017-03-01,833.0901769230768,34.75966786833852
2017-03-02,831.4500434895835,34.87064650766612
2017-03-03,827.9955936507948,34.821802678571416
2017-03-06,826.4613633507857,34.785328406909805
2017-03-07,831.1672301333332,34.87278586497891
2017-03-08,835.8385205804741,34.805581305114615
2017-03-09,838.6397652741506,34.62365853658533
2017-03-10,842.5778012437817,34.77912786596122
2017-03-13,846.1943905128202,34.776853144016236
2017-03-14,844.5104460704601,34.764951068376035
2017-03-15,844.6733421052636,34.9591399628253
2017-03-16,848.2397992105265,35.160932809773136
2017-03-17,850.6155923482848,35.139409107468175
2017-03-20,847.7974292746119,35.250665438596414
2017-03-21,837.7600097744358,35.24887453125002
2017-03-22,831.90331175,35.13689793650793
2017-03-23,816.8667298368296,35.27000018587365
2017-03-24,817.6978769230768,35.25616957983189
2017-03-27,816.6910437185923,35.09849897785351
2017-03-28,820.7056952141063,35.66507696245734
2017-03-29,828.9423763224181,35.95867989228002
2017-03-30,831.4692704370185,35.99972571428573
2017-03-31,829.8322886363644,35.963028155339835
2017-04-03,834.9830062972296,35.91378504098358
2017-04-04,833.5702838961037,36.049687030075226
2017-04-05,836.5044766169146,36.15583594771244
2017-04-06,830.9105506493509,35.99758841911764
2017-04-07,824.6322203125004,35.92585444015441
2017-04-10,826.7754044155846,35.853087951807176
2017-04-11,821.3308752604161,35.42428870673956
2017-04-12,823.8254077956985,35.38094437869821
2017-04-13,825.1171682864449,35.44694885057475
2017-04-14,825.1171682864449,35.44694885057475
2017-04-17,833.2144235924931,35.36676475095789
2017-04-18,836.0041497252749,35.36616495238097
2017-04-19,839.8571060913698,35.32379850467291
2017-04-20,842.9890180628264,35.54835804701628
2017-04-21,842.2787576826195,35.567471976967376
2017-04-24,858.3132187500003,35.92606117021277
2017-04-25,869.8257096296302,36.119175627240125
2017-04-26,871.6158519607842,36.033455696202495
2017-04-27,880.4314753906256,35.92980575296109
2017-04-28,909.798858262713,35.94828302919708
2017-05-01,911.0720291169459,36.534432730015105
2017-05-02,916.6095198067626,36.6616878172589
2017-05-03,920.9320825665862,36.582512568305994
2017-05-04,931.061841421568,36.621345632798615
2017-05-05,929.279914214464,37.07453894736839
2017-05-08,930.8918381546139,37.94843169984683
2017-05-09,932.2605470000003,38.48023473837211
2017-05-10,928.1379053435123,38.29632467741934
2017-05-11,928.4028581395344,38.27248593750002
2017-05-12,931.4169310606063,38.90816242138366
2017-05-15,936.1860163212443,38.9247834935897
2017-05-16,941.2499115384616,38.84414636209815
2017-05-17,930.1702607058829,37.982977591036395
2017-05-18,927.9843103703696,37.992223969465584
2017-05-19,935.8205455012863,38.35263360389613
2017-05-22,939.6982859693869,38.43999615384612
2017-05-23,947.2423798488676,38.48468204667861
2017-05-24,951.5489030927836,38.32910462427752
2017-05-25,966.916973710073,38.46270709090907
2017-05-26,971.0596451127819,38.40828269581063
2017-05-29,971.0596451127819,38.40828269581063
2017-05-30,973.9722010178125,38.452095945945885
2017-05-31,966.1024142506138,38.27981395793504
2017-06-01,964.7214953608251,38.23408506876221
2017-06-02,971.921943884892,38.619189347079114
2017-06-05,983.4035241730279,38.489967605633765
2017-06-06,984.7006614814818,38.61133275563257
2017-06-07,979.9021487373734,38.81332770642206
2017-06-08,980.6536907692301,38.74890805008943
2017-06-09,967.1586680952389,37.85606865912761
2017-06-12,937.6545986175113,36.267787978863915
2017-06-13,952.2459464373464,36.62159789473688
2017-06-14,955.9231315789481,36.451811237785016
2017-06-15,935.0955724465557,35.90250616541348
2017-06-16,937.3028921951213,35.80824380165284
2017-06-19,955.6460138190957,36.37229334389864
2017-06-20,955.5940062670297,36.414857538994816
2017-06-21,955.0789311855675,36.36664897579141
2017-06-22,958.0455140161728,36.453370041322266
2017-06-23,961.6810826196473,36.58512137254901
2017-06-26,958.5893295121956,36.602008828828836
2017-06-27,937.558150113896,36.22547540716608
2017-06-28,929.544077565632,36.20385690184052
2017-06-29,919.6718324705879,35.9771336092715
2017-06-30,914.8849809195398,36.08235885608858
2017-07-03,904.2979859649124,36.039929473684225
2017-07-04,904.2979859649124,36.039929473684225
2017-07-05,909.0173895522387,35.99539663551399
2017-07-06,907.7053114713212,35.72243649122807
2017-07-07,917.5210364089776,36.00405623800385
2017-07-10,926.5403441860461,36.23907616279072
2017-07-11,927.8095537859006,36.29513642987252
2017-07-12,941.5477135000008,36.38175662650598
2017-07-13,948.6696484693879,36.821850342465716
2017-07-14,952.2084215025902,37.05559348591542
2017-07-17,954.4025297560979,37.432494612794656
2017-07-18,962.5175865336655,37.36930359066428
2017-07-19,970.3452889724315,37.6937973782772
2017-07-20,968.8453703703709,37.697111070110644
2017-07-21,968.744305679013,37.5023980079681
2017-07-24,968.9476557168778,37.86538719397362
2017-07-25,951.3575524096392,38.265485899814486
2017-07-26,947.2279277136262,38.38535921985817
2017-07-27,939.2535480637813,37.95690644628096
2017-07-28,938.7463120393119,37.431675272727205
2017-07-31,930.9155371571071,37.22246285266462
2017-08-01,932.7595842931945,37.94893311603649
2017-08-02,925.1859159924047,39.499867339218106
2017-08-03,926.2101890052359,39.01653807106603
2017-08-04,926.7710039682548,39.07731056218057
2017-08-07,929.0759437823831,39.461723817863366
2017-08-08,930.0315079896903,40.06458733766229
2017-08-09,921.9757966666671,40.089935294117666
2017-08-10,911.5508390361433,39.34478108882523
2017-08-11,914.1424148514855,39.2553187599364
2017-08-14,921.7830791005291,39.85662296875002
2017-08-15,921.8619352941174,40.325386666666695
2017-08-16,928.0118190355336,40.36023243670884
2017-08-17,918.2349161375654,39.75153525741031
2017-08-18,912.2289750000008,39.573236436597114
2017-08-21,907.1408375690611,39.23219081081084
2017-08-22,921.2126459798984,39.842951388889006
2017-08-23,926.1062577215192,39.93824762741653
2017-08-24,920.6743317258886,39.895365619223654
2017-08-25,919.0583034210531,39.985141284403674
2017-08-28,914.9562991935476,40.23785878693626
2017-08-29,917.5976213157896,40.47427098150784
2017-08-30,926.334804292929,40.8197496025438
2017-08-31,939.5365508771929,40.97871134868421
2017-09-01,938.8129864321611,41.03968464223388
2017-09-04,938.8129864321611,41.03968464223388
2017-09-05,928.5786194444448,40.651202431118406
2017-09-06,925.5615529715762,40.46821871838113
2017-09-07,930.9767488372094,40.38569817184642
2017-09-08,930.9719321525884,39.90688590831918
2017-09-11,932.3502018324601,40.302011952191194
2017-09-12,927.7508114285715,40.40029300518131
2017-09-13,933.8509595174269,39.84007307692313
2017-09-14,926.8841997499995,39.674944931921345
2017-09-15,921.1743753731345,39.93467315436243
2017-09-18,917.2887307106599,39.867766950596206
2017-09-19,919.47336657754,39.76042066869304
2017-09-20,929.8168584615375,39.063689514866994
2017-09-21,932.6133556149746,38.52805061728397
2017-09-22,929.9285036842105,37.94119762569841
2017-09-25,915.3754773299747,37.61572456964009
2017-09-26,926.2528173267328,38.15726219879515
2017-09-27,937.4548061425061,38.520632102728776
2017-09-28,947.4090090909093,38.32847191413238
2017-09-29,957.7031926952139,38.37346112115733
2017-10-02,954.5580358778634,38.42659778188532
2017-10-03,953.7966594285704,38.628199599198425
2017-10-04,955.3285085227263,38.36811179401992
2017-10-05,963.8795169230774,38.72468747763866
2017-10-06,974.5047517500003,38.75549982608699
2017-10-09,981.4333291338579,38.9789589788732
2017-10-10,972.2453192411917,38.95503001949318
2017-10-11,983.578669326683,39.11554889705879
2017-10-12,989.7875540051684,39.14821138211379
2017-10-13,993.3500707196033,39.217636247723135
2017-10-16,987.9704740259734,39.80742365930602
2017-10-17,991.2213441253263,40.01065794223815
2017-10-18,993.0641279255321,40.023637673611105
2017-10-19,984.0306501272266,39.03231061224489
2017-10-20,987.5814822622104,39.217854093097856
2017-10-23,975.1435521091822,39.158054234234214
2017-10-24,969.4603286458336,39.183138294573666
2017-10-25,968.9157909090912,39.12032198852771
2017-10-26,982.7295289473683,39.36867099358972
2017-10-27,1027.5752919917873,40.37516497829223
2017-10-30,1015.719547058823,41.47804260869568
2017-10-31,1016.6196945736442,42.12580906432753
2017-11-01,1025.7026528967262,41.89464064171124
2017-11-02,1022.7868563968669,42.19097061790668
2017-11-03,1027.370371979435,43.27942837150124
2017-11-06,1029.5291213541661,43.47208015384612
2017-11-07,1029.9018066666665,43.6276385502471
2017-11-08,1037.5609492105266,43.87234844517185
2017-11-09,1026.2385191214469,43.843850583090365
2017-11-10,1027.8658920765024,43.73617103235752
2017-11-13,1028.0440501326261,43.52182062391676
2017-11-14,1023.1396133333333,43.09576416938108
2017-11-15,1021.5033403183028,42.42714977645304
2017-11-16,1031.731366752577,42.76219505409577
2017-11-17,1026.547905128205,42.627634031413606
2017-11-20,1019.3085452926218,42.50833157894741
2017-11-21,1030.187382835821,43.14038890728473
2017-11-22,1034.8917108262106,43.53993305509177
2017-11-23,1035.94,43.74140625
2017-11-24,1041.053425365854,43.80026823529411
2017-11-27,1049.7241073791345,43.587539497307
2017-11-28,1051.6367605911319,43.33820381282502
2017-11-29,1022.9558017283949,42.47805365853654
2017-11-30,1022.1249701754382,42.75290334394904
2017-12-01,1011.2894782396077,42.65023993902441
2017-12-04,1004.1019192592596,42.81760876369325
2017-12-05,1009.9109938574936,42.54146455906826
2017-12-06,1017.7024182058045,42.27309450726983
2017-12-07,1030.4723045918365,42.40426678141139
2017-12-08,1037.4928146699262,42.45854515050168
2017-12-11,1039.4495174025978,42.89626339285708
2017-12-12,1044.8802963254602,43.00354102079393
2017-12-13,1041.2782829457365,43.15596610800744
2017-12-14,1052.1309022959192,43.07549624060155
2017-12-15,1060.9537890214797,43.324342574257386
2017-12-18,1074.1358666666658,44.04703066666663
2017-12-19,1069.785456708861,43.68464910447762
2017-12-20,1065.3411708762883,43.60932282229971
2017-12-21,1065.8357362397824,43.786367717996214
2017-12-22,1060.8448518624634,43.754827124774
2017-12-25,1060.8448518624634,43.754827124774
2017-12-26,1055.1669282282278,42.65716404657935
2017-12-27,1051.3453088541673,42.5925453767123
2017-12-28,1049.0146294617562,42.75615650684935
2017-12-29,1046.8366317808222,42.48990574162683
2018-01-01,1046.8366317808222,42.48990574162683
2018-01-02,1062.1132605744135,42.79883156146177
2018-01-03,1079.6258817258883,43.23833078203
2018-01-04,1087.5848217158164,43.226800487012966
2018-01-05,1099.860448477158,43.623308716323294
2018-01-08,1107.946052910054,43.66760241796203
2018-01-09,1106.7392018469652,43.607496521739144
2018-01-10,1099.575052577319,43.36351797385621
2018-01-11,1102.2378212121216,43.759637769784206
2018-01-12,1117.9607783018869,44.15756130081303
2018-01-15,1117.9607783018869,44.15756130081303
2018-01-16,1127.4243314554,44.37801715160797
2018-01-17,1125.395537037038,44.19601443569554
2018-01-18,1126.906486595174,44.837582005899634
2018-01-19,1132.3963764999994,44.64087511811028
2018-01-22,1153.1878081481475,44.30141911314982
2018-01-23,1165.8390880299244,44.481328549848925
2018-01-24,1169.8416073710068,43.81637192716238
2018-01-25,1170.340565311005,43.23111420289859
2018-01-26,1170.3864078239612,42.84682318244171
2018-01-29,1178.573738271605,42.24825447042643
2018-01-30,1169.0497307142869,41.61358887343535
2018-01-31,1168.0582909975672,41.72441489637305
2018-02-01,1161.0641277992283,42.050262299134744
2018-02-02,1118.1587759493677,41.15861744186045
2018-02-05,1085.379359677419,39.922364179104505
2018-02-06,1056.0147683651812,39.67139964747358
2018-02-07,1063.6527777262177,40.287640686922025
2018-02-08,1031.7204299065422,39.72147749360612
2018-02-09,1016.6513869848166,38.883408031088074
2018-02-12,1053.074866746412,40.250750304878075
2018-02-13,1053.351707575758,40.76770601851851
2018-02-14,1063.5216451923068,41.45899393939394
2018-02-15,1080.4829931603774,42.774627551020416
2018-02-16,1098.0763939534886,43.30676749672348
2018-02-19,1098.0763939534886,43.30676749672348
2018-02-20,1105.914994656488,43.13345196506552
2018-02-21,1122.0881161592508,43.159504245973665
2018-02-22,1113.5923988290401,43.13291710914454
2018-02-23,1114.6348778571428,43.613050884955776
2018-02-26,1134.7285774346792,44.49690992481211
2018-02-27,1128.9406625615761,44.75661038011685
2018-02-28,1116.9457847087383,44.82251446345258
2018-03-01,1088.1832842723006,44.204450812407686
2018-03-02,1065.7801495391702,43.62831261744963
2018-03-05,1086.8979942211047,44.12136046511627
2018-03-06,1096.5576680387403,44.20636196769454
2018-03-07,1098.64568440594,43.74775136778113
2018-03-08,1119.5995805063287,44.024077374784156
2018-03-09,1146.8855565819856,44.72043411949684
2018-03-12,1169.7577161214954,45.369764169381135
2018-03-13,1150.773200484261,45.34613368263478
2018-03-14,1149.6940430348254,44.78941179321485
2018-03-15,1150.504020663266,44.745979188712546
2018-03-16,1139.7507665835406,44.60123966101691
2018-03-19,1099.4086305489266,43.886546394984336
2018-03-20,1096.4072616504855,43.93263935018053
2018-03-21,1098.7646305764415,43.31766538461535
2018-03-22,1062.0639350119907,42.4845349794239
2018-03-23,1045.0940696055684,41.91770679886689
2018-03-26,1032.8980335648153,42.42839657228023
2018-03-27,1037.34331147541,43.0261496339678
2018-03-28,1008.060379908675,41.84748197674422
2018-03-29,1029.5388139479905,42.26184140969166
2018-03-30,1029.5388139479905,42.26184140969166
2018-04-02,1005.8527004716981,41.6355376395534
2018-04-03,1007.3507904534601,41.773460720130956
2018-04-04,1007.0752747126437,42.07466354466862
2018-04-05,1031.7420043902446,43.21608573573568
2018-04-06,1017.6669068292676,42.4969452692867
2018-04-09,1030.2534224880378,42.814491509433964
2018-04-10,1024.3356124153504,43.24080972447328
2018-04-11,1023.698403431372,43.16458998330556
2018-04-12,1035.0675328244274,43.56006554054055
2018-04-13,1033.6829872395838,43.717202108963015
2018-04-16,1036.8336115763552,43.926439530685926
2018-04-17,1068.5532770883062,44.47034041450777
2018-04-18,1072.73978478803,44.518496810506605
2018-04-19,1079.6376838095227,43.46820375722544
2018-04-20,1079.0664460431653,41.90405754026354
2018-04-23,1072.6092221601496,41.45128178963899
2018-04-24,1030.5075639344263,40.99572691029901
2018-04-25,1024.807141067762,41.01874682779452
2018-04-26,1039.6347741865518,41.125710925644896
2018-04-27,1032.3171293427233,40.69650601626018
2018-04-30,1024.9111971698123,41.24627865937075
2018-05-01,1023.7701973429942,42.33330025510211
2018-05-02,1033.0567266009862,44.024602238806025
2018-05-03,1019.8982082524266,44.05476284403671
2018-05-04,1038.3532416666665,45.49355124183003
2018-05-07,1056.7943836538457,46.43647280701756
2018-05-08,1052.6835354330703,46.31234804381847
2018-05-09,1073.9870985000007,46.63881770334928
2018-05-10,1094.7440046004847,47.29066025641027
2018-05-11,1095.7292103535349,47.22104355628066
2018-05-14,1104.648231807228,47.18103945111485
2018-05-15,1080.646955418719,46.5739407718121
2018-05-16,1084.540338964577,46.89158066298342
2018-05-17,1080.798501804123,46.88753345724911
2018-05-18,1066.0108430260047,46.74233462962965
2018-05-21,1080.0173267857137,46.96843350604494
2018-05-22,1075.9413868279569,46.913204780114775
2018-05-23,1070.64175625,46.703952574102935
2018-05-24,1075.887846594005,47.020281864406776
2018-05-25,1078.0242860526319,47.20900790960451
2018-05-28,1078.0242860526319,47.20900790960451
2018-05-29,1061.9192914215685,46.909975432525975
2018-05-30,1065.6374791878175,46.85740868055552
2018-05-31,1089.0925843400448,46.82281219047615
2018-06-01,1114.3631962616828,47.33435434083605
2018-06-04,1135.7667405660375,48.004273546511655
2018-06-05,1139.3085140306125,48.2739304347826
2018-06-06,1134.688770072993,48.32314852459015
2018-06-07,1124.0943131979702,48.350915992647096
2018-06-08,1121.2037316062176,47.70815294943825
2018-06-11,1130.7937490909082,47.82584651162787
2018-06-12,1134.6004883152161,47.93487443609023
2018-06-13,1141.8805071782183,47.98008607594932
2018-06-14,1149.72183989899,47.73698052631577
2018-06-15,1148.162791794872,47.29334292763163
2018-06-18,1164.664950626566,47.130324821428594
2018-06-19,1162.5494002364064,46.409192113095195
2018-06-20,1179.5393282608698,46.65991313755797
2018-06-21,1162.0173207161138,46.549416055846486
2018-06-22,1155.6787962666672,46.39401089285718
2018-06-25,1122.9715173170725,45.60628233387361
2018-06-26,1124.7698402500005,46.15622808586761
2018-06-27,1118.4874912195119,46.31727287319421
2018-06-28,1111.3949814720813,46.252767269439474
2018-06-29,1121.9100788918201,46.55388079584775
2018-07-02,1114.1176672634263,46.482284030418235
2018-07-03,1117.0078330097085,46.696542261904774
2018-07-04,1117.0078330097085,46.696542261904774
2018-07-05,1118.6066490243907,46.359007863247854
2018-07-06,1136.0204118733507,46.78784091743125
2018-07-09,1147.9022844875342,47.518926898734165
2018-07-10,1156.1113197802206,47.59698598130834
2018-07-11,1157.9966375000001,47.097366666666694
2018-07-12,1176.4883149484538,47.611071964285806
2018-07-13,1189.2170848563962,47.84671816406249
2018-07-16,1184.929151256282,47.75181415770602
2018-07-17,1192.6696753056235,47.70825855018588
2018-07-18,1198.0452558536588,47.66301119133579
2018-07-19,1189.193436049383,47.91781765704584
2018-07-20,1189.188485085574,47.92979105263162
2018-07-23,1208.894455783582,47.76495008944542
2018-07-24,1250.6538259183676,48.16385673758867
2018-07-25,1254.7098365517247,48.356913406940066
2018-07-26,1261.8233937093282,48.624152704791356
2018-07-27,1247.276243720931,48.167643062200916
2018-07-30,1221.3617959798996,47.57234058823532
2018-07-31,1220.3151840579721,48.09990217113665
2018-08-01,1220.2995294392517,49.95197425000011
2018-08-02,1220.2466177725125,51.209110687023
2018-08-03,1220.3887169761279,51.87398018154319
2018-08-06,1221.0935271540473,52.119663157894735
2018-08-07,1244.6217569343066,51.950651788491456
2018-08-08,1250.8941262755109,51.73113864013267
2018-08-09,1251.2407527472524,52.20473609671858
2018-08-10,1238.7252595360821,51.928242233009705
2018-08-13,1240.2004158441562,52.29432677304965
2018-08-14,1238.7298308270676,52.40732938388625
2018-08-15,1217.4509550122248,52.33360760059606
2018-08-16,1218.730695853658,53.18734694189601
2018-08-17,1197.9623713924052,53.98095209677409
2018-08-20,1203.0887925729437,54.164488776978374
2018-08-21,1210.4901882198951,53.906937945791675
2018-08-22,1206.661095538058,53.792015357766125
2018-08-23,1210.93442150259,53.96148725314177
2018-08-24,1216.214348793565,54.037037164750934
2018-08-27,1237.1802219072167,54.45095721739129
2018-08-28,1234.5963279301745,54.8971129296236
2018-08-29,1246.1180256723712,55.46209437689964
2018-08-30,1244.701074365482,56.17747952167412
2018-08-31,1222.2603696296298,56.82139570370377
2018-09-03,1222.2603696296298,56.82139570370377
2018-09-04,1199.906658749999,57.04260578386609
2018-09-05,1181.0872709046462,56.87088719512196
2018-09-06,1164.3882417910454,56.06684442700156
2018-09-07,1167.15669584352,55.70885220994477
2018-09-10,1165.9691721519002,54.7995986666667
2018-09-11,1172.2534378446117,55.49730643776826
2018-09-12,1163.3914044502617,55.609893227091725
2018-09-13,1171.2487656641606,56.35983060109286
2018-09-14,1173.3728963988926,56.184596472392634
2018-09-17,1161.6417546419098,54.95800837837835
2018-09-18,1167.5345382198948,54.75535994236313
2018-09-19,1163.628311479592,54.468733168316824
2018-09-20,1184.8285653645833,55.148628728414444
2018-09-21,1176.4940618937649,54.768261658841915
2018-09-24,1169.021607614214,54.79028242122716
2018-09-25,1180.6125859838282,55.38664150943396
2018-09-26,1184.499064646465,55.50386843800315
2018-09-27,1196.9471238341973,56.174346077032745
2018-09-28,1190.5079321428573,56.251522468354466
2018-10-01,1199.5649997543003,56.971737795275544
2018-10-02,1201.8896802030451,57.194020100502506
2018-10-03,1200.169816622691,57.96886735015775
2018-10-04,1169.0603270676695,57.26437178362563
2018-10-05,1156.8097153266333,56.288946337579624
2018-10-08,1147.5243692695217,55.791908412698405
2018-10-09,1145.0606483627207,56.299173469387775
2018-10-10,1109.5603930232562,55.24433816489375
2018-10-11,1086.6605995604398,53.8538897208122
2018-10-12,1101.2126550116548,55.00648669410155
2018-10-15,1100.6651925558315,54.73197584345477
2018-10-16,1116.405555503513,55.09569101449277
2018-10-17,1113.309530203045,55.357123483670264
2018-10-18,1092.2565326732667,54.37314781341111
2018-10-19,1097.580391022443,54.771100144508665
2018-10-22,1103.1190957499996,55.275312420382214
2018-10-23,1090.4222659259258,54.78375080428951
2018-10-24,1082.9668519323682,54.92596909323119
2018-10-25,1086.7399309572297,54.70882705018353
2018-10-26,1063.2291539130426,54.10231909677418
2018-10-29,1052.7034369158878,53.97263457583557
2018-10-30,1023.936672374429,53.27781554726359
2018-10-31,1077.3775985849056,54.54762007772026
2018-11-01,1072.8205160377358,54.22256877234807
2018-11-02,1064.0215965116274,51.992496325167046
2018-11-05,1032.5896520987658,50.53742968960856
2018-11-06,1051.7900605459054,50.677728349788396
2018-11-07,1083.4084528117355,51.79473677018641
2018-11-08,1079.7232539042827,52.08526644385024
2018-11-09,1062.4727093670888,51.13139827586208
2018-11-12,1044.7751850374061,49.07594921540657
2018-11-13,1043.0986266666664,48.38454770408158
2018-11-14,1040.9100746898262,47.38642846347613
2018-11-15,1051.4487450121665,47.34650560625823
2018-11-16,1058.049498740553,48.105821888412
2018-11-19,1033.8931292383297,46.91994712041878
2018-11-20,1018.0252475294125,44.88302999999992
2018-11-21,1043.180883088235,44.48331700404856
2018-11-22,1043.180883088235,44.22340909090909
2018-11-23,1029.9013263888892,43.58512879177378
2018-11-26,1042.1063416091952,43.29723891687655
2018-11-27,1048.0874481296757,43.287662547288775
2018-11-28,1063.4356763546803,44.53467506561678
2018-11-29,1085.401802290077,44.97894808743167
2018-11-30,1085.909500977995,44.616924861878495
2018-12-03,1113.4937037383177,45.87288557089085
2018-12-04,1077.311252941176,44.84705140186915
2018-12-05,1077.311252941176,44.151862745098036
2018-12-06,1050.1167419431283,43.19368563685637
2018-12-07,1046.313313930348,42.77108478561547
2018-12-10,1037.7442755555553,41.9275275216139
2018-12-11,1049.4911533333343,42.37112435723955
2018-12-12,1073.8297808933003,42.56636267217633
2018-12-13,1063.3575368421052,42.646584651162776
2018-12-14,1049.793715960099,41.78143755215575
2018-12-17,1032.3062980246925,41.37012803598197
2018-12-18,1036.9829438095232,41.40671937765205
2018-12-19,1044.6501751196163,41.11013225331371
2018-12-20,1012.8978286063576,39.78698549723759
2018-12-21,992.6325094117647,38.46866688311688
2018-12-24,985.5591094170397,37.299326799007446
2018-12-25,985.5591094170397,37.299326799007446
2018-12-26,1007.714745714286,37.89134033379698
2018-12-27,1015.4295830985918,38.484199605263186
2018-12-28,1042.7754086206894,39.14003125904488
2018-12-31,1033.8775527845037,39.45109520766775
2019-01-01,1033.8775527845037,39.49388888888889
2019-01-02,1037.2408125295512,38.669451752021594
2019-01-03,1025.375559427208,36.02840608793686
2019-01-04,1057.2159099526066,36.54198818076473
2019-01-07,1065.20283007335,36.912419555555566
2019-01-08,1071.4582824519237,37.45458875171468
2019-01-09,1075.6514249382717,38.17143873873869
2019-01-10,1065.3619737113404,38.186648623853245
2019-01-11,1054.5490437974681,38.16519625748499
2019-01-14,1047.1750675126912,37.54770594227512
2019-01-15,1070.8336586901764,37.98234492307694
2019-01-16,1083.6044888059712,38.62059103773588
2019-01-17,1081.3198954314719,38.64181060842436
2019-01-18,1100.8925607940448,39.208730998509736
2019-01-21,1100.8925607940448,39.208730998509736
2019-01-22,1077.449936868686,38.67303651050082
2019-01-23,1070.5042921182269,38.373321790540544
2019-01-24,1068.606000753769,38.22803564356436
2019-01-25,1088.7734118811884,39.09045304347834
2019-01-28,1070.1576347500004,38.91686221198159
2019-01-29,1063.3400506172834,39.332888873812735
2019-01-30,1077.8092990407665,40.86509044289046
2019-01-31,1112.1995703087875,41.71494272608129
2019-02-01,1114.625923866348,41.752091640378616
2019-02-04,1119.5210551851844,42.51961848874598
2019-02-05,1125.267970172085,43.36407749287758
2019-02-06,1123.2155628640778,43.56823937007873
2019-02-07,1093.9533730120486,42.955454354354366
2019-02-08,1093.5628000000002,42.43435732758622
2019-02-11,1096.9795181578957,42.52921435643566
2019-02-12,1119.2476992647055,42.58483658146965
2019-02-13,1127.938863705584,42.749690560000026
2019-02-14,1122.3410123425685,42.620989291338574
2019-02-15,1114.98414390863,42.560004510108826
2019-02-18,1114.98414390863,42.560004510108826
2019-02-19,1118.4097328205125,42.613452064631886
2019-02-20,1117.3119385012913,42.988434402852015
2019-02-21,1099.0225610687007,42.82112084870845
2019-02-22,1105.8901248157254,43.05465488215492
2019-02-25,1112.4360882352944,43.6458176848875
2019-02-26,1110.2703296202533,43.551977117117104
2019-02-27,1111.8368976439788,43.54834280639429
2019-02-28,1122.3088214833758,43.50420000000001
2019-03-01,1135.1373742424248,43.56423953488376
2019-03-04,1142.0949354114714,43.94138217993077
2019-03-05,1157.3272088669949,43.86109505703425
2019-03-06,1160.171083376623,43.699745259391776
2019-03-07,1144.6919373096441,43.339117328519805
2019-03-08,1137.9508031784849,42.93592714508582
2019-03-11,1163.157293366093,44.474806373937675
2019-03-12,1194.2748510843383,45.19545654205612
2019-03-13,1197.9485795620444,45.50649263999998
2019-03-14,1190.933388190954,45.898040234948574
2019-03-15,1189.4919290953549,46.47173622291018
2019-03-18,1183.5495150375946,46.86607537190088
2019-03-19,1191.8777520408155,46.89227332268368
2019-03-20,1211.0791689903838,46.81012722602744
2019-03-21,1224.8597080808076,48.42225462304412
2019-03-22,1212.5442007425738,48.39036005547849
2019-03-25,1195.4401243107766,47.37403009198426
2019-03-26,1188.4272636363635,47.40807901726426
2019-03-27,1170.4247835025383,47.10138107255515
2019-03-28,1166.554392366412,47.10451386138613
2019-03-29,1170.4631770234987,47.39184243902442
2019-04-01,1192.090225944585,47.68312172523961
2019-04-02,1195.3418413597738,48.21962024221453
2019-04-03,1208.4295736979168,48.756671755725165
2019-04-04,1211.858387567568,48.893117412935304
2019-04-05,1210.2079801587302,49.153580650684916
2019-04-08,1203.7883947368423,49.72547280130292
2019-04-09,1196.6191530054639,50.1812792998478
2019-04-10,1200.1762758426964,49.83284076704547
2019-04-11,1204.393729476584,49.97812290969903
2019-04-12,1213.3924167958648,49.66506798107258
2019-04-15,1217.2435425133688,49.71925456273754
2019-04-16,1226.2416015665794,49.94624897959183
2019-04-17,1235.459976426798,50.43604920634923
2019-04-18,1238.2074733850122,50.84605193929181
2019-04-19,1238.2074733850122,50.84605193929181
2019-04-22,1240.8369028571421,51.03110291970801
2019-04-23,1263.180720050761,51.535979084967344
2019-04-24,1262.026909020618,51.94442068965508
2019-04-25,1262.242699756691,51.53673585476549
2019-04-26,1266.7349060453405,51.059974177631545
2019-04-29,1258.793522340424,51.12310319303336
2019-04-30,1184.2287049808433,50.983397474747505
2019-05-01,1174.3072067285377,53.068108259212146
2019-05-02,1162.1265233734935,52.51397570370374
2019-05-03,1180.3113371158393,52.769887407407495
2019-05-06,1181.7622935185186,51.69397472793232
2019-05-07,1172.4017600478467,51.0396616641902
2019-05-08,1173.7082104738154,50.84240691176466
2019-05-09,1159.1456674185463,50.01216447761193
2019-05-10,1156.2783848101265,49.205968905109486
2019-05-13,1131.1741802439024,46.85688748353105
2019-05-14,1130.7255748166258,47.00815877318121
2019-05-15,1153.7889045023696,47.39727
2019-05-16,1180.9928985330068,47.67155489296636
2019-05-17,1170.4773081585083,47.18396727828751
2019-05-20,1140.4298267676768,45.90864188144324
2019-05-21,1148.08220690537,46.61410443425078
2019-05-22,1153.7002734908133,45.91373898809522
2019-05-23,1136.4104449131519,44.853856884561935
2019-05-24,1141.6127337730873,44.98871386748843
2019-05-27,1141.6127337730873,44.98871386748843
2019-05-28,1143.2595818181817,44.71030822784813
2019-05-29,1115.3201422110553,44.30986725403824
2019-05-30,1116.9648523809528,44.459329510961254
2019-05-31,1105.852852658227,44.02805374639765
2019-06-03,1036.9190803571425,43.708855855855845
2019-06-04,1047.9671492957739,44.46940966325038
2019-06-05,1041.1771367924528,45.65660237037037
2019-06-06,1039.3033112499993,45.923287704918
2019-06-07,1064.061799999999,47.294731723027404
2019-06-10,1084.7651992518718,48.26830340557278
2019-06-11,1088.572467245657,48.64219857594943
2019-06-12,1074.7020369230763,48.586790459965904
2019-06-13,1088.919101007557,48.68038407738097
2019-06-14,1085.5664774535808,48.041836942675204
2019-06-17,1094.678815762274,48.51592121771215
2019-06-18,1109.0739498746861,49.52296287051479
2019-06-19,1097.741252896725,49.59767710437707
2019-06-20,1109.9957421307502,49.87893444444442
2019-06-21,1117.9539198979587,49.84662756933113
2019-06-24,1116.7961927860702,49.784664921466074
2019-06-25,1093.018398984772,49.32193208556155
2019-06-26,1080.1784197080285,49.873823493044846
2019-06-27,1081.2807909333335,49.94795942228338
2019-06-28,1076.480762807881,49.54666556603776
2019-07-01,1098.146484878049,50.565247875354174
2019-07-02,1105.0992070496086,50.55137800687284
2019-07-03,1121.9705347619054,50.89625379746837
2019-07-04,1121.9705347619054,50.89625379746837
2019-07-05,1125.68612639594,51.04355161290325
2019-07-08,1115.7122599999993,50.043597093023244
2019-07-09,1121.3001255102051,50.11003625377645
2019-07-10,1136.4497795918371,50.681781249999915
2019-07-11,1146.272315206185,50.79975490196081
2019-07-12,1144.0526892857145,50.81658545454546
2019-07-15,1146.562181887756,51.20215641025646
2019-07-16,1153.0364298795184,51.191733766233746
2019-07-17,1149.8486735000008,51.05945103092786
2019-07-18,1140.0520251269038,51.2295653312789
2019-07-19,1139.9630859259264,51.113093925233656
2019-07-22,1132.5317062344145,51.47181840120662
2019-07-23,1139.0295239401496,52.0109922740524
2019-07-24,1135.8504258454116,52.031776090468526
2019-07-25,1152.6918125984264,51.9670426229508
2019-07-26,1246.9703752475257,51.99420438596487
2019-07-29,1236.5000145238084,52.40898486739469
2019-07-30,1228.434960731707,52.715830352644865
2019-07-31,1226.457909206467,54.06137416267941
2019-08-01,1221.1693543689312,53.10395964673911
2019-08-02,1195.6279145584724,51.11592529761909
2019-08-05,1156.20575652174,48.65401944444442
2019-08-06,1169.9287908665103,48.9242816245007
2019-08-07,1168.1983602439027,49.3271268328446
2019-08-08,1193.7309350119901,50.41459464285713
2019-08-09,1191.5554304020106,50.29791476725519
2019-08-12,1177.284261363636,50.15822216666669
2019-08-13,1196.0840039603968,51.79807719298249
2019-08-14,1169.0239321078423,50.986237566845
2019-08-15,1169.2205879518067,50.52395563480747
2019-08-16,1177.894405159706,51.43528205128205
2019-08-19,1199.715982338902,52.75781607669612
2019-08-20,1188.9837808900536,52.84405538461534
2019-08-21,1193.7902454068233,53.20326462264145
2019-08-22,1188.8294888297878,53.14355062695927
2019-08-23,1164.1994406779654,51.429091286307006
2019-08-26,1161.4661894601547,51.531689035667085
2019-08-27,1168.3256870558382,51.37594666666668
2019-08-28,1170.7750026954182,51.18979670710572
2019-08-29,1192.5354282383414,52.12961712121213
2019-08-30,1188.808249122808,52.16950580847722
2019-09-02,1188.808249122808,52.16950580847722
2019-09-03,1176.12534321608,51.396647819063034
2019-09-04,1177.0495929113922,52.14209288079466
2019-09-05,1208.0275925831195,53.12129791356185
2019-09-06,1207.5656461346623,53.35152564935067
2019-09-09,1206.307073417721,53.68974728171337
2019-09-10,1202.1697634085215,53.671860136986275
2019-09-11,1217.6752433249371,55.307424664879285
2019-09-12,1236.7784472222213,56.138076210235035
2019-09-13,1234.5659594999997,54.87314479452057
2019-09-16,1231.594589544236,54.73764360119043
2019-09-17,1226.5723846560838,55.024317413793085
2019-09-18,1226.881998429319,55.413812093023296
2019-09-19,1239.3191062663184,55.469684193548424
2019-09-20,1233.4787531806621,55.02144774096382
2019-09-23,1234.5461154241648,54.71925741626795
2019-09-24,1227.9610012406956,54.82113338368585
2019-09-25,1232.5008362499993,54.92156886326197
2019-09-26,1238.9837468137252,55.017091577060924
2019-09-27,1226.9813513853915,54.82346441605845
2019-09-30,1219.5374984962414,55.73269201228884
2019-10-01,1211.9707037128705,56.380558778626
2019-10-02,1178.692579901961,55.04065543175485
2019-10-03,1181.3901033898303,54.84741050156737
2019-10-04,1202.3767700239812,56.41755875862061
2019-10-07,1212.0501015267175,56.93996932707366
2019-10-08,1196.17570607595,56.41159232876712
2019-10-09,1202.3993835411475,56.60025906666669
2019-10-10,1208.8415629820051,57.348758977719605
2019-10-11,1223.9170553140107,58.68792785145883
2019-10-14,1220.546748963731,59.08951107692307
2019-10-15,1238.7043920792082,59.02849401294504
2019-10-16,1246.527381424936,58.56634593698168
2019-10-17,1254.235395408163,58.75113360258493
2019-10-18,1248.7108984771562,58.970040798611066
2019-10-21,1246.8201203045692,59.94654136858476
2019-10-22,1245.6391934010146,60.21081021021024
2019-10-23,1254.6767143895784,60.593002613479996
2019-10-24,1258.9916519323658,60.83547529411766
2019-10-25,1264.0967541147143,61.28799854604207
2019-10-28,1285.8342496062994,62.07792160583936
2019-10-29,1263.9757011709607,61.299786090775875
2019-10-30,1261.0152636144574,61.10581200000002
2019-10-31,1256.5656219696968,61.957724664879336
2019-11-01,1266.7923457920792,63.26911286127175
2019-11-04,1288.7332775061122,64.2753857142857
2019-11-05,1295.4038203007515,64.39241795665627
2019-11-06,1289.69388556701,64.16294512578618
2019-11-07,1316.98733112745,64.77378311306904
2019-11-08,1310.7066375621882,64.77053328197226
2019-11-11,1299.5030855670102,65.15007216828471
2019-11-12,1303.1481743935306,65.50370861244025
2019-11-13,1299.655261495845,65.78296166924262
2019-11-14,1307.923710649351,65.7551105997211
2019-11-15,1329.2276349367085,66.10814864864872
2019-11-18,1323.4504342639596,66.60221248097412
2019-11-19,1316.959719638243,66.70618929133867
2019-11-20,1303.2507307291673,65.96961915204677
2019-11-21,1300.4439763925732,65.7214117363345
2019-11-22,1297.6480760204083,65.52699735099348
2019-11-25,1306.5327796034003,66.19464635416665
2019-11-26,1310.6466983827486,66.53483115501521
2019-11-27,1312.8729379487181,66.60415299684544
2019-11-28,1312.8729379487181,66.71546511627908
2019-11-29,1307.471633333333,66.83629774919622
2019-12-02,1289.3793372151897,66.43012202380957
2019-12-03,1289.5584009779955,64.8293046511629
2019-12-04,1320.143816190477,65.46266065088757
2019-12-05,1322.2503825757574,66.05387779433671
2019-12-06,1340.8813564231743,67.31751065088741
2019-12-09,1350.3256302267016,66.9720194928685
2019-12-10,1344.6201202564102,67.03473696319023
2019-12-11,1345.0373388140167,67.51018922829574
2019-12-12,1347.9295350785342,67.54349960474296
2019-12-13,1348.8454592682926,68.46649120734904
2019-12-16,1360.1680845386543,69.8064436447167
2019-12-17,1356.223044191919,70.06976286127158
2019-12-18,1354.4316634464742,70.09684689440984
2019-12-19,1354.0152156565666,69.921815057283
2019-12-20,1353.0769995133812,70.13125503649634
2019-12-23,1351.1277096858646,70.71080893416924
2019-12-24,1345.06482287234,71.07944572192518
2019-12-25,1345.06482287234,71.07944572192518
2019-12-26,1353.489379452055,72.0092595959596
2019-12-27,1355.8109390000009,72.67504799446745
2019-12-30,1337.4731049046316,72.57051074523395
2019-12-31,1333.2528680107541,73.0264288819876
2020-01-01,1333.2528680107541,73.42818181818178
2020-01-02,1356.863360246913,74.52595806010939
2020-01-03,1365.1451667525764,74.55485857142864
2020-01-06,1386.323008937197,74.32761711079942
2020-01-07,1397.223001216545,74.7749202365309
2020-01-08,1403.912875779375,74.99009178255363
2020-01-09,1418.9656380246904,77.01889201570683
2020-01-10,1429.718350605327,77.71359830729173
2020-01-13,1435.0813173366837,78.42688428961758
2020-01-14,1436.6843335802466,78.8002189655172
2020-01-15,1436.7104364089776,78.19392064343157
2020-01-16,1446.0535224747468,78.47412737276478
2020-01-17,1467.748931848553,79.23175986842114
2020-01-20,1467.748931848553,79.23175986842114
2020-01-21,1481.830480246913,79.31757440119753
2020-01-22,1492.7465952141056,79.63482582496417
2020-01-23,1488.312750515465,79.54036977777771
2020-01-24,1477.3412542579083,79.99706397260279
2020-01-27,1432.3844628440377,77.5660404151404
2020-01-28,1449.5116241050105,79.00347376654628
2020-01-29,1457.5837049019603,81.19089398148132
2020-01-30,1445.5565654846334,80.44033809523796
2020-01-31,1440.7259917647043,78.76850927710848
2020-02-03,1463.3634022429917,77.1309264276228
2020-02-04,1436.7593205128187,79.17221848101268
2020-02-05,1443.0407317460313,80.34952908622905
2020-02-06,1471.6555870646762,80.86074310099569
2020-02-07,1476.548235351089,80.45881163954938
2020-02-10,1497.5681568238222,79.71278179310343
2020-02-11,1517.1905076555024,80.40300709117219
2020-02-12,1514.993642000001,81.01326843575417
2020-02-13,1516.4093243654827,81.15714131274123
2020-02-14,1516.1217776902888,81.21488562691128
2020-02-17,1516.1217776902888,81.21488562691128
2020-02-18,1520.5589050505064,79.23271839378242
2020-02-19,1529.0538327027036,80.66663196022722
2020-02-20,1517.5267132275135,80.31965795107037
2020-02-21,1496.1727582926833,78.83452569169957
2020-02-24,1425.5331665137614,74.97648949824979
2020-02-25,1413.6344693396218,73.81490278450363
2020-02-26,1398.4569200000008,72.68122062937059
2020-02-27,1350.453758771929,70.22420035377355
2020-02-28,1300.5094955911813,67.13279538461533
2020-03-02,1353.4056566513764,71.75254230317272
2020-03-03,1370.3485106888363,73.76310993071583
2020-03-04,1363.6381775061127,74.34358309523809
2020-03-05,1335.8460200980398,73.92352728351126
2020-03-06,1278.6372331818188,71.42031208053697
2020-03-09,1234.2077351288046,67.50526585094548
2020-03-10,1244.8903211904749,69.64731482326108
2020-03-11,1225.291437857143,69.16636721504113
2020-03-12,1137.9708655391119,63.2845835555556
2020-03-13,1154.6341126361651,66.04619459757448
2020-03-16,1112.8723343612337,62.194013024282505
2020-03-17,1097.3938895691608,62.44506015981737
2020-03-18,1076.7297100467297,60.743346473988474
2020-03-19,1122.1319059952043,61.626525364077665
2020-03-20,1103.3564761229318,61.08706387024607
2020-03-23,1041.8703807947024,55.937911595866794
2020-03-24,1114.643979816514,60.10900545657016
2020-03-25,1114.488891946309,62.83053672131161
2020-03-26,1133.025417942584,62.87402027194066
2020-03-27,1120.5807812949647,62.71418978562424
2020-03-30,1132.0413419664271,62.97755902306648
2020-03-31,1161.6669070904647,63.87597108280258
2020-04-01,1114.7797585131898,61.099277215189915
2020-04-02,1111.6244687500007,60.685705456852816
2020-04-03,1098.7489240099014,60.50880835734872
2020-04-06,1160.6904082159629,63.75500983606558
2020-04-07,1201.3654494331063,66.16685420792078
2020-04-08,1205.0971100238664,66.04115317139001
2020-04-09,1210.7423804295934,66.78349522546421
2020-04-10,1210.7423804295934,66.78349522546421
2020-04-13,1199.711624509804,67.43812154471541
2020-04-14,1263.4058813238778,71.01395852760736
2020-04-15,1258.6840543942985,70.90793259162295
2020-04-16,1258.9413025000003,71.9516888755981
2020-04-17,1280.4905760765546,70.8517625146886
2020-04-20,1271.351827380952,69.71179371584702
2020-04-21,1225.4092210900478,67.6106332428764
2020-04-22,1266.280173479319,68.57792792915538
2020-04-23,1278.3742618138417,69.20401043478259
2020-04-24,1264.207805700713,69.95982790055248
2020-04-27,1279.2049880845761,70.72268395415463
2020-04-28,1268.9540673010379,70.51664099999995
2020-04-29,1341.4574431683159,71.85817641025649
2020-04-30,1332.671666820277,72.5221228813559
2020-05-01,1326.4350206310683,72.52424164420489
2020-05-04,1314.6099242499993,72.63523471645931
2020-05-05,1361.9695545673085,74.46712216216217
2020-05-06,1361.543018069308,75.25921570827502
2020-05-07,1368.505096790124,75.95746308724844
2020-05-08,1389.854922139304,76.94133401360543
2020-05-11,1400.1442809523821,78.12292795115333
2020-05-12,1398.2269635235723,78.81622314578
2020-05-13,1354.1351209134618,77.42497467700261
2020-05-14,1338.8788691729326,76.5500429166667
2020-05-15,1358.7207494226318,76.25023310055873
2020-05-18,1381.071746744186,78.413308976157
2020-05-19,1386.600381658291,78.97935852187025
2020-05-20,1403.745006650247,79.54951187969928
2020-05-21,1404.3918254408065,79.48601053435121
2020-05-22,1401.3485402035635,79.32447440828412
2020-05-25,1401.3485402035635,79.32447440828412
2020-05-26,1430.6941107317075,80.14097870778262
2020-05-27,1409.0223300492626,79.24760241820753
2020-05-28,1426.3610866336646,79.8880750720461
2020-05-29,1423.3059619289324,79.76785547445259
2020-06-01,1430.1666469230759,80.03683410740203
2020-06-02,1428.7432015424147,80.44498573466477
2020-06-03,1435.686106770833,81.08582819722658
2020-06-04,1420.0172266497455,80.86088861154455
2020-06-05,1434.4521260869567,82.04722500000005
2020-06-08,1435.9260523809526,82.79590825958702
2020-06-09,1458.541333587786,85.04986867977517
2020-06-10,1464.2037483950623,87.7020392473119
2020-06-11,1430.3773277909738,85.923464398542
2020-06-12,1410.4750783720922,85.14951609353506
2020-06-15,1407.3393709046452,84.66302026666658
2020-06-16,1442.8913713580241,87.65864362680666
2020-06-17,1449.7687832499996,88.47213530219776
2020-06-18,1436.0787872773535,87.91606700143474
2020-06-19,1433.6468163069535,87.77689136490241
2020-06-22,1442.9500067839197,89.09512182741126
2020-06-23,1464.9513065656565,91.59731372549007
2020-06-24,1442.7217969999992,90.59088212877784
2020-06-25,1432.6885380952372,90.54295702702711
2020-06-26,1390.7638293827176,89.61329073305679
2020-06-29,1380.591622549021,89.6903623776224
2020-06-30,1397.7176269801987,90.7645128712871
2020-07-01,1432.3542426799013,91.26588238719063
2020-07-02,1465.2675322815523,91.62107803806747
2020-07-03,1465.2675322815523,91.62107803806747
2020-07-06,1492.7969113065324,93.18030867052025
2020-07-07,1502.1691784461143,93.7941276353277
2020-07-08,1496.1161892857153,94.81861935483867
2020-07-09,1506.4123825436404,95.7579639551193
2020-07-10,1518.30466898263,95.48929821693913
2020-07-13,1555.7104937810936,97.40183965517245
2020-07-14,1501.3003126213587,96.18419450127874
2020-07-15,1513.758909500001,97.91158239074552
2020-07-16,1502.5746666666657,96.36131309987036
2020-07-17,1509.8597053030312,96.50845759878423
2020-07-20,1550.8849959390866,97.37138700147713
2020-07-21,1569.1900669191934,97.97745782312921
2020-07-22,1558.6888961538452,97.07642033898317
2020-07-23,1535.970664019852,94.71998841544617
2020-07-24,1505.2795995133836,91.90248702490157
2020-07-27,1528.7426492346947,94.32076842818425
2020-07-28,1515.0992590570722,93.99312112676066
2020-07-29,1518.289626972011,94.57803707865168
2020-07-30,1524.1793411016947,96.72205351941744
2020-07-31,1471.6117834467111,103.88768974654376
2020-08-03,1473.18445592417,108.83285277435245
2020-08-04,1466.576933906634,109.45567870503581
2020-08-05,1474.335104878049,109.61742726045902
2020-08-06,1490.0546711055288,112.15462023498694
2020-08-07,1496.4959254950488,112.15818206106864
2020-08-10,1488.9573914728685,112.37165217948704
2020-08-11,1495.5076699248111,111.34626863691186
2020-08-12,1506.0642213917527,112.0740795361528
2020-08-13,1524.8517152119693,114.69903798955619
2020-08-14,1511.4515242894051,114.5027061026353
2020-08-17,1520.5692343589742,114.9559768136556
2020-08-18,1540.0811289002556,115.15139263456078
2020-08-19,1561.4043181141437,116.22082698630133
2020-08-20,1565.4390994974874,117.4180240152478
2020-08-21,1584.5145181141445,122.22598980815336
2020-08-24,1589.1529898514834,126.59482189281647
2020-08-25,1602.9929625310174,124.6271259114581
2020-08-26,1633.2003481481484,126.08784276807987
2020-08-27,1639.0563926395953,125.794334749035
2020-08-28,1641.3641084577116,125.40192369077303
2020-08-31,1637.6013427480923,128.30928293193705
2020-09-01,1652.5181072139308,132.99942642105248
2020-09-02,1693.4636924939473,133.1667805876182
2020-09-03,1654.1059490566035,124.29249283456261
2020-09-04,1584.9084056872061,119.04191410526336
2020-09-07,1584.9084056872061,119.04191410526336
2020-09-08,1545.196247142858,115.08760630252094
2020-09-09,1558.0237947761175,117.19498214285713
2020-09-10,1557.6696182957396,116.26092880085648
2020-09-11,1522.4450980148883,113.03104000000003
2020-09-14,1542.256040796021,114.66649329787224
2020-09-15,1547.1664300771208,116.51373510638291
2020-09-16,1539.5293905370845,114.0438251900109
2020-09-17,1488.4835491916867,110.29374448017174
2020-09-18,1464.793248915663,108.6235538631345
2020-09-21,1423.8667533333346,106.82386795811519
2020-09-22,1451.493399002493,111.05374281115873
2020-09-23,1434.6208360294104,109.39960684782612
2020-09-24,1430.6675292383304,108.00170553709869
2020-09-25,1433.3284915422887,110.37067281001137
2020-09-28,1462.816320792079,114.48205296655867
2020-09-29,1466.8084061696652,114.32794954954946
2020-09-30,1479.4421930174565,115.24432997711669
2020-10-01,1489.0734749999995,116.84528200000007
2020-10-02,1466.6618454767724,113.56233319327714
2020-10-05,1476.8421844559598,115.25144852780792
2020-10-06,1470.9526549872103,114.51539668949769
2020-10-07,1454.050144444444,114.77419889624707
2020-10-08,1482.7685711392398,115.45872048726474
2020-10-09,1505.1851751879692,116.3716734117647
2020-10-12,1564.8845866348443,122.5671587117213
2020-10-13,1575.4885009803936,123.4217066736184
2020-10-14,1568.8694456140345,121.22696002132206
2020-10-15,1559.7531889168768,119.68448380651952
2020-10-16,1574.659650728155,120.18782941176464
2020-10-19,1552.7200471204194,118.55981496746213
2020-10-20,1552.7262522144517,117.39713236607156
2020-10-21,1600.323040831297,117.22487002237116
2020-10-22,1606.8773318766068,116.18417558790591
2020-10-23,1632.6536593137268,115.35769560185193
2020-10-26,1599.8179304347839,114.42839307262577
2020-10-27,1594.5420243037977,116.09398282710285
2020-10-28,1532.6097600938965,113.31450251641134
2020-10-29,1586.4636653465352,113.22718954248377
2020-10-30,1632.6786319057808,109.41485797872328
2020-11-02,1638.102168705883,108.7904311904761
2020-11-03,1650.1457200968525,110.05107274725275
2020-11-04,1744.7121736286913,114.26663600844799
2020-11-05,1769.1598110843368,118.27479776595735
2020-11-06,1758.7171983050853,118.02508377239198
2020-11-09,1788.9331549884,119.56304046242762
2020-11-10,1737.4354735849058,116.00601115834213
2020-11-11,1754.5077255102037,118.28871739618391
2020-11-12,1754.8078309090918,119.44922500000003
2020-11-13,1764.9813844783732,119.15277264770218
2020-11-16,1783.0837264935076,119.90270530864208
2020-11-17,1775.88406347826,119.83695623471871
2020-11-18,1758.8968105691063,118.95427770034837
2020-11-19,1754.8661796610193,118.06429606879593
2020-11-20,1760.529285567011,118.01266431054476
2020-11-23,1732.1292188144334,115.53070828182946
2020-11-24,1755.580074803151,114.67568724604978
2020-11-25,1770.6542942622955,115.85450692488251
2020-11-26,1770.6542942622955,116.24326530612241
2020-11-27,1791.3613179245292,116.80459606986906
2020-11-30,1763.267257741773,118.68833787128722
2020-12-01,1801.1104222784818,122.08491953385122
2020-12-02,1821.6457235294101,122.61028669108646
2020-12-03,1831.9581574525755,123.07463557213951
2020-12-04,1827.0883455497376,122.31082433090029
2020-12-07,1816.729233156499,123.38321380208346
2020-12-08,1811.9599472677585,124.05177363305003
2020-12-09,1803.0114598404245,123.39075153664292
2020-12-10,1772.2965804177538,122.47893697478958
2020-12-11,1770.7905984042557,122.01565827423182
2020-12-14,1774.4335354114712,122.49356885026774
2020-12-15,1760.355298200516,125.579013424346
2020-12-16,1762.5710126262618,127.7232776632299
2020-12-17,1753.741319289341,128.48632059553339
2020-12-18,1729.5558939467298,127.71822770949733
2020-12-21,1723.7726601503748,126.50243117913814
2020-12-22,1723.9104994845372,131.89868462365607
2020-12-23,1733.7563856410254,131.70564938956716
2020-12-24,1735.2466343434344,131.63650323232318
2020-12-25,1735.2466343434344,131.63650323232318
2020-12-28,1774.5437166233764,135.4308784482758
2020-12-29,1764.3413418781731,136.5315832199548
2020-12-30,1740.2651873711338,134.56147386634854
2020-12-31,1747.9594193384232,133.1529532075473
2021-01-01,1747.9594193384232,132.72744255319148
2021-01-04,1729.716224433249,130.94769761904743
2021-01-05,1736.6381649350658,130.25146757369603
2021-01-06,1727.6658314814817,128.57499166666693
2021-01-07,1772.0445826086948,129.54248387096766
2021-01-08,1789.1570782499984,131.78990896328298
2021-01-11,1777.2800526041665,129.76217536585364
2021-01-12,1746.5648601023038,128.82307070588237
2021-01-13,1754.9756323759786,130.2341949367088
2021-01-14,1751.0577973262045,130.02785124555157
2021-01-15,1742.5657679687486,128.23275748633867
2021-01-18,1742.5657679687486,128.23275748633867
2021-01-19,1776.4699062801928,127.99406364764269
2021-01-20,1875.2058631578952,130.7107680555555
2021-01-21,1906.280393882352,135.31169432702995
2021-01-22,1904.3805806372557,137.63519082474224
2021-01-25,1891.1257753588536,142.6778417620138
2021-01-26,1912.546835969386,143.22348091009965
2021-01-27,1848.953603981265,142.6698064171124
2021-01-28,1873.1545999999992,138.5429402733964
2021-01-29,1836.2707921241054,133.71789343434352
2021-02-01,1893.2671248743725,134.10315242494204
2021-02-02,1960.1773323193916,135.19911826280637
2021-02-03,2080.3505854870778,134.9625068337131
2021-02-04,2055.5330524822707,136.38019017467272
2021-02-05,2083.512917444717,136.9414378378378
2021-02-08,2087.5333978779854,136.3750949257425
2021-02-09,2093.618623988437,136.51872222222207
2021-02-10,2089.2742385444744,135.70971356132094
2021-02-11,2087.5633518413597,135.00967189781016
2021-02-12,2097.7689805929904,134.70428946107785
2021-02-15,2097.7689805929904,134.70428946107785
2021-02-16,2131.403552467532,134.2424839066339
